:0200000460009A
:100000004643464200000156000000000101020084
:1000100000000000000000000000000000000000E0
:1000200000000000000000000000000000000000D0
:1000300000000000000000000000000000000000C0
:1000400000000000010406010000000000000000A4
:100050000000800000000000000000000000000020
:100060000000000000000000000000000000000090
:100070000000000000000000000000000000000080
:10008000EB04180AFF1E04320126000000000000E5
:100090000000000000000000000000000000000060
:1000A0000000000000000000000000000000000050
:1000B0000000000000000000000000000000000040
:1000C0000000000000000000000000000000000030
:1000D0000000000000000000000000000000000020
:1000E0000000000000000000000000000000000010
:1000F0000000000000000000000000000000000000
:1001000000000000000000000000000000000000EF
:1001100000000000000000000000000000000000DF
:1001200000000000000000000000000000000000CF
:1001300000000000000000000000000000000000BF
:1001400000000000000000000000000000000000AF
:10015000000000000000000000000000000000009F
:10016000000000000000000000000000000000008F
:10017000000000000000000000000000000000007F
:10018000000000000000000000000000000000006F
:10019000000000000000000000000000000000005F
:1001A000000000000000000000000000000000004F
:1001B000000000000000000000000000000000003F
:1001C000000100000010000001000000000000001D
:1001D000000001000000000000000000000000001E
:1001E000000000000000000000000000000000000F
:1001F00000000000000000000000000000000000FF
:10020000FFFFFFFFFFFFFFFFFFFFFFFFFFFFFFFFFE
:10021000FFFFFFFFFFFFFFFFFFFFFFFFFFFFFFFFEE
:10022000FFFFFFFFFFFFFFFFFFFFFFFFFFFFFFFFDE
:10023000FFFFFFFFFFFFFFFFFFFFFFFFFFFFFFFFCE
:10024000FFFFFFFFFFFFFFFFFFFFFFFFFFFFFFFFBE
:10025000FFFFFFFFFFFFFFFFFFFFFFFFFFFFFFFFAE
:10026000FFFFFFFFFFFFFFFFFFFFFFFFFFFFFFFF9E
:10027000FFFFFFFFFFFFFFFFFFFFFFFFFFFFFFFF8E
:10028000FFFFFFFFFFFFFFFFFFFFFFFFFFFFFFFF7E
:10029000FFFFFFFFFFFFFFFFFFFFFFFFFFFFFFFF6E
:1002A000FFFFFFFFFFFFFFFFFFFFFFFFFFFFFFFF5E
:1002B000FFFFFFFFFFFFFFFFFFFFFFFFFFFFFFFF4E
:1002C000FFFFFFFFFFFFFFFFFFFFFFFFFFFFFFFF3E
:1002D000FFFFFFFFFFFFFFFFFFFFFFFFFFFFFFFF2E
:1002E000FFFFFFFFFFFFFFFFFFFFFFFFFFFFFFFF1E
:1002F000FFFFFFFFFFFFFFFFFFFFFFFFFFFFFFFF0E
:10030000FFFFFFFFFFFFFFFFFFFFFFFFFFFFFFFFFD
:10031000FFFFFFFFFFFFFFFFFFFFFFFFFFFFFFFFED
:10032000FFFFFFFFFFFFFFFFFFFFFFFFFFFFFFFFDD
:10033000FFFFFFFFFFFFFFFFFFFFFFFFFFFFFFFFCD
:10034000FFFFFFFFFFFFFFFFFFFFFFFFFFFFFFFFBD
:10035000FFFFFFFFFFFFFFFFFFFFFFFFFFFFFFFFAD
:10036000FFFFFFFFFFFFFFFFFFFFFFFFFFFFFFFF9D
:10037000FFFFFFFFFFFFFFFFFFFFFFFFFFFFFFFF8D
:10038000FFFFFFFFFFFFFFFFFFFFFFFFFFFFFFFF7D
:10039000FFFFFFFFFFFFFFFFFFFFFFFFFFFFFFFF6D
:1003A000FFFFFFFFFFFFFFFFFFFFFFFFFFFFFFFF5D
:1003B000FFFFFFFFFFFFFFFFFFFFFFFFFFFFFFFF4D
:1003C000FFFFFFFFFFFFFFFFFFFFFFFFFFFFFFFF3D
:1003D000FFFFFFFFFFFFFFFFFFFFFFFFFFFFFFFF2D
:1003E000FFFFFFFFFFFFFFFFFFFFFFFFFFFFFFFF1D
:1003F000FFFFFFFFFFFFFFFFFFFFFFFFFFFFFFFF0D
:10040000FFFFFFFFFFFFFFFFFFFFFFFFFFFFFFFFFC
:10041000FFFFFFFFFFFFFFFFFFFFFFFFFFFFFFFFEC
:10042000FFFFFFFFFFFFFFFFFFFFFFFFFFFFFFFFDC
:10043000FFFFFFFFFFFFFFFFFFFFFFFFFFFFFFFFCC
:10044000FFFFFFFFFFFFFFFFFFFFFFFFFFFFFFFFBC
:10045000FFFFFFFFFFFFFFFFFFFFFFFFFFFFFFFFAC
:10046000FFFFFFFFFFFFFFFFFFFFFFFFFFFFFFFF9C
:10047000FFFFFFFFFFFFFFFFFFFFFFFFFFFFFFFF8C
:10048000FFFFFFFFFFFFFFFFFFFFFFFFFFFFFFFF7C
:10049000FFFFFFFFFFFFFFFFFFFFFFFFFFFFFFFF6C
:1004A000FFFFFFFFFFFFFFFFFFFFFFFFFFFFFFFF5C
:1004B000FFFFFFFFFFFFFFFFFFFFFFFFFFFFFFFF4C
:1004C000FFFFFFFFFFFFFFFFFFFFFFFFFFFFFFFF3C
:1004D000FFFFFFFFFFFFFFFFFFFFFFFFFFFFFFFF2C
:1004E000FFFFFFFFFFFFFFFFFFFFFFFFFFFFFFFF1C
:1004F000FFFFFFFFFFFFFFFFFFFFFFFFFFFFFFFF0C
:10050000FFFFFFFFFFFFFFFFFFFFFFFFFFFFFFFFFB
:10051000FFFFFFFFFFFFFFFFFFFFFFFFFFFFFFFFEB
:10052000FFFFFFFFFFFFFFFFFFFFFFFFFFFFFFFFDB
:10053000FFFFFFFFFFFFFFFFFFFFFFFFFFFFFFFFCB
:10054000FFFFFFFFFFFFFFFFFFFFFFFFFFFFFFFFBB
:10055000FFFFFFFFFFFFFFFFFFFFFFFFFFFFFFFFAB
:10056000FFFFFFFFFFFFFFFFFFFFFFFFFFFFFFFF9B
:10057000FFFFFFFFFFFFFFFFFFFFFFFFFFFFFFFF8B
:10058000FFFFFFFFFFFFFFFFFFFFFFFFFFFFFFFF7B
:10059000FFFFFFFFFFFFFFFFFFFFFFFFFFFFFFFF6B
:1005A000FFFFFFFFFFFFFFFFFFFFFFFFFFFFFFFF5B
:1005B000FFFFFFFFFFFFFFFFFFFFFFFFFFFFFFFF4B
:1005C000FFFFFFFFFFFFFFFFFFFFFFFFFFFFFFFF3B
:1005D000FFFFFFFFFFFFFFFFFFFFFFFFFFFFFFFF2B
:1005E000FFFFFFFFFFFFFFFFFFFFFFFFFFFFFFFF1B
:1005F000FFFFFFFFFFFFFFFFFFFFFFFFFFFFFFFF0B
:10060000FFFFFFFFFFFFFFFFFFFFFFFFFFFFFFFFFA
:10061000FFFFFFFFFFFFFFFFFFFFFFFFFFFFFFFFEA
:10062000FFFFFFFFFFFFFFFFFFFFFFFFFFFFFFFFDA
:10063000FFFFFFFFFFFFFFFFFFFFFFFFFFFFFFFFCA
:10064000FFFFFFFFFFFFFFFFFFFFFFFFFFFFFFFFBA
:10065000FFFFFFFFFFFFFFFFFFFFFFFFFFFFFFFFAA
:10066000FFFFFFFFFFFFFFFFFFFFFFFFFFFFFFFF9A
:10067000FFFFFFFFFFFFFFFFFFFFFFFFFFFFFFFF8A
:10068000FFFFFFFFFFFFFFFFFFFFFFFFFFFFFFFF7A
:10069000FFFFFFFFFFFFFFFFFFFFFFFFFFFFFFFF6A
:1006A000FFFFFFFFFFFFFFFFFFFFFFFFFFFFFFFF5A
:1006B000FFFFFFFFFFFFFFFFFFFFFFFFFFFFFFFF4A
:1006C000FFFFFFFFFFFFFFFFFFFFFFFFFFFFFFFF3A
:1006D000FFFFFFFFFFFFFFFFFFFFFFFFFFFFFFFF2A
:1006E000FFFFFFFFFFFFFFFFFFFFFFFFFFFFFFFF1A
:1006F000FFFFFFFFFFFFFFFFFFFFFFFFFFFFFFFF0A
:10070000FFFFFFFFFFFFFFFFFFFFFFFFFFFFFFFFF9
:10071000FFFFFFFFFFFFFFFFFFFFFFFFFFFFFFFFE9
:10072000FFFFFFFFFFFFFFFFFFFFFFFFFFFFFFFFD9
:10073000FFFFFFFFFFFFFFFFFFFFFFFFFFFFFFFFC9
:10074000FFFFFFFFFFFFFFFFFFFFFFFFFFFFFFFFB9
:10075000FFFFFFFFFFFFFFFFFFFFFFFFFFFFFFFFA9
:10076000FFFFFFFFFFFFFFFFFFFFFFFFFFFFFFFF99
:10077000FFFFFFFFFFFFFFFFFFFFFFFFFFFFFFFF89
:10078000FFFFFFFFFFFFFFFFFFFFFFFFFFFFFFFF79
:10079000FFFFFFFFFFFFFFFFFFFFFFFFFFFFFFFF69
:1007A000FFFFFFFFFFFFFFFFFFFFFFFFFFFFFFFF59
:1007B000FFFFFFFFFFFFFFFFFFFFFFFFFFFFFFFF49
:1007C000FFFFFFFFFFFFFFFFFFFFFFFFFFFFFFFF39
:1007D000FFFFFFFFFFFFFFFFFFFFFFFFFFFFFFFF29
:1007E000FFFFFFFFFFFFFFFFFFFFFFFFFFFFFFFF19
:1007F000FFFFFFFFFFFFFFFFFFFFFFFFFFFFFFFF09
:10080000FFFFFFFFFFFFFFFFFFFFFFFFFFFFFFFFF8
:10081000FFFFFFFFFFFFFFFFFFFFFFFFFFFFFFFFE8
:10082000FFFFFFFFFFFFFFFFFFFFFFFFFFFFFFFFD8
:10083000FFFFFFFFFFFFFFFFFFFFFFFFFFFFFFFFC8
:10084000FFFFFFFFFFFFFFFFFFFFFFFFFFFFFFFFB8
:10085000FFFFFFFFFFFFFFFFFFFFFFFFFFFFFFFFA8
:10086000FFFFFFFFFFFFFFFFFFFFFFFFFFFFFFFF98
:10087000FFFFFFFFFFFFFFFFFFFFFFFFFFFFFFFF88
:10088000FFFFFFFFFFFFFFFFFFFFFFFFFFFFFFFF78
:10089000FFFFFFFFFFFFFFFFFFFFFFFFFFFFFFFF68
:1008A000FFFFFFFFFFFFFFFFFFFFFFFFFFFFFFFF58
:1008B000FFFFFFFFFFFFFFFFFFFFFFFFFFFFFFFF48
:1008C000FFFFFFFFFFFFFFFFFFFFFFFFFFFFFFFF38
:1008D000FFFFFFFFFFFFFFFFFFFFFFFFFFFFFFFF28
:1008E000FFFFFFFFFFFFFFFFFFFFFFFFFFFFFFFF18
:1008F000FFFFFFFFFFFFFFFFFFFFFFFFFFFFFFFF08
:10090000FFFFFFFFFFFFFFFFFFFFFFFFFFFFFFFFF7
:10091000FFFFFFFFFFFFFFFFFFFFFFFFFFFFFFFFE7
:10092000FFFFFFFFFFFFFFFFFFFFFFFFFFFFFFFFD7
:10093000FFFFFFFFFFFFFFFFFFFFFFFFFFFFFFFFC7
:10094000FFFFFFFFFFFFFFFFFFFFFFFFFFFFFFFFB7
:10095000FFFFFFFFFFFFFFFFFFFFFFFFFFFFFFFFA7
:10096000FFFFFFFFFFFFFFFFFFFFFFFFFFFFFFFF97
:10097000FFFFFFFFFFFFFFFFFFFFFFFFFFFFFFFF87
:10098000FFFFFFFFFFFFFFFFFFFFFFFFFFFFFFFF77
:10099000FFFFFFFFFFFFFFFFFFFFFFFFFFFFFFFF67
:1009A000FFFFFFFFFFFFFFFFFFFFFFFFFFFFFFFF57
:1009B000FFFFFFFFFFFFFFFFFFFFFFFFFFFFFFFF47
:1009C000FFFFFFFFFFFFFFFFFFFFFFFFFFFFFFFF37
:1009D000FFFFFFFFFFFFFFFFFFFFFFFFFFFFFFFF27
:1009E000FFFFFFFFFFFFFFFFFFFFFFFFFFFFFFFF17
:1009F000FFFFFFFFFFFFFFFFFFFFFFFFFFFFFFFF07
:100A0000FFFFFFFFFFFFFFFFFFFFFFFFFFFFFFFFF6
:100A1000FFFFFFFFFFFFFFFFFFFFFFFFFFFFFFFFE6
:100A2000FFFFFFFFFFFFFFFFFFFFFFFFFFFFFFFFD6
:100A3000FFFFFFFFFFFFFFFFFFFFFFFFFFFFFFFFC6
:100A4000FFFFFFFFFFFFFFFFFFFFFFFFFFFFFFFFB6
:100A5000FFFFFFFFFFFFFFFFFFFFFFFFFFFFFFFFA6
:100A6000FFFFFFFFFFFFFFFFFFFFFFFFFFFFFFFF96
:100A7000FFFFFFFFFFFFFFFFFFFFFFFFFFFFFFFF86
:100A8000FFFFFFFFFFFFFFFFFFFFFFFFFFFFFFFF76
:100A9000FFFFFFFFFFFFFFFFFFFFFFFFFFFFFFFF66
:100AA000FFFFFFFFFFFFFFFFFFFFFFFFFFFFFFFF56
:100AB000FFFFFFFFFFFFFFFFFFFFFFFFFFFFFFFF46
:100AC000FFFFFFFFFFFFFFFFFFFFFFFFFFFFFFFF36
:100AD000FFFFFFFFFFFFFFFFFFFFFFFFFFFFFFFF26
:100AE000FFFFFFFFFFFFFFFFFFFFFFFFFFFFFFFF16
:100AF000FFFFFFFFFFFFFFFFFFFFFFFFFFFFFFFF06
:100B0000FFFFFFFFFFFFFFFFFFFFFFFFFFFFFFFFF5
:100B1000FFFFFFFFFFFFFFFFFFFFFFFFFFFFFFFFE5
:100B2000FFFFFFFFFFFFFFFFFFFFFFFFFFFFFFFFD5
:100B3000FFFFFFFFFFFFFFFFFFFFFFFFFFFFFFFFC5
:100B4000FFFFFFFFFFFFFFFFFFFFFFFFFFFFFFFFB5
:100B5000FFFFFFFFFFFFFFFFFFFFFFFFFFFFFFFFA5
:100B6000FFFFFFFFFFFFFFFFFFFFFFFFFFFFFFFF95
:100B7000FFFFFFFFFFFFFFFFFFFFFFFFFFFFFFFF85
:100B8000FFFFFFFFFFFFFFFFFFFFFFFFFFFFFFFF75
:100B9000FFFFFFFFFFFFFFFFFFFFFFFFFFFFFFFF65
:100BA000FFFFFFFFFFFFFFFFFFFFFFFFFFFFFFFF55
:100BB000FFFFFFFFFFFFFFFFFFFFFFFFFFFFFFFF45
:100BC000FFFFFFFFFFFFFFFFFFFFFFFFFFFFFFFF35
:100BD000FFFFFFFFFFFFFFFFFFFFFFFFFFFFFFFF25
:100BE000FFFFFFFFFFFFFFFFFFFFFFFFFFFFFFFF15
:100BF000FFFFFFFFFFFFFFFFFFFFFFFFFFFFFFFF05
:100C0000FFFFFFFFFFFFFFFFFFFFFFFFFFFFFFFFF4
:100C1000FFFFFFFFFFFFFFFFFFFFFFFFFFFFFFFFE4
:100C2000FFFFFFFFFFFFFFFFFFFFFFFFFFFFFFFFD4
:100C3000FFFFFFFFFFFFFFFFFFFFFFFFFFFFFFFFC4
:100C4000FFFFFFFFFFFFFFFFFFFFFFFFFFFFFFFFB4
:100C5000FFFFFFFFFFFFFFFFFFFFFFFFFFFFFFFFA4
:100C6000FFFFFFFFFFFFFFFFFFFFFFFFFFFFFFFF94
:100C7000FFFFFFFFFFFFFFFFFFFFFFFFFFFFFFFF84
:100C8000FFFFFFFFFFFFFFFFFFFFFFFFFFFFFFFF74
:100C9000FFFFFFFFFFFFFFFFFFFFFFFFFFFFFFFF64
:100CA000FFFFFFFFFFFFFFFFFFFFFFFFFFFFFFFF54
:100CB000FFFFFFFFFFFFFFFFFFFFFFFFFFFFFFFF44
:100CC000FFFFFFFFFFFFFFFFFFFFFFFFFFFFFFFF34
:100CD000FFFFFFFFFFFFFFFFFFFFFFFFFFFFFFFF24
:100CE000FFFFFFFFFFFFFFFFFFFFFFFFFFFFFFFF14
:100CF000FFFFFFFFFFFFFFFFFFFFFFFFFFFFFFFF04
:100D0000FFFFFFFFFFFFFFFFFFFFFFFFFFFFFFFFF3
:100D1000FFFFFFFFFFFFFFFFFFFFFFFFFFFFFFFFE3
:100D2000FFFFFFFFFFFFFFFFFFFFFFFFFFFFFFFFD3
:100D3000FFFFFFFFFFFFFFFFFFFFFFFFFFFFFFFFC3
:100D4000FFFFFFFFFFFFFFFFFFFFFFFFFFFFFFFFB3
:100D5000FFFFFFFFFFFFFFFFFFFFFFFFFFFFFFFFA3
:100D6000FFFFFFFFFFFFFFFFFFFFFFFFFFFFFFFF93
:100D7000FFFFFFFFFFFFFFFFFFFFFFFFFFFFFFFF83
:100D8000FFFFFFFFFFFFFFFFFFFFFFFFFFFFFFFF73
:100D9000FFFFFFFFFFFFFFFFFFFFFFFFFFFFFFFF63
:100DA000FFFFFFFFFFFFFFFFFFFFFFFFFFFFFFFF53
:100DB000FFFFFFFFFFFFFFFFFFFFFFFFFFFFFFFF43
:100DC000FFFFFFFFFFFFFFFFFFFFFFFFFFFFFFFF33
:100DD000FFFFFFFFFFFFFFFFFFFFFFFFFFFFFFFF23
:100DE000FFFFFFFFFFFFFFFFFFFFFFFFFFFFFFFF13
:100DF000FFFFFFFFFFFFFFFFFFFFFFFFFFFFFFFF03
:100E0000FFFFFFFFFFFFFFFFFFFFFFFFFFFFFFFFF2
:100E1000FFFFFFFFFFFFFFFFFFFFFFFFFFFFFFFFE2
:100E2000FFFFFFFFFFFFFFFFFFFFFFFFFFFFFFFFD2
:100E3000FFFFFFFFFFFFFFFFFFFFFFFFFFFFFFFFC2
:100E4000FFFFFFFFFFFFFFFFFFFFFFFFFFFFFFFFB2
:100E5000FFFFFFFFFFFFFFFFFFFFFFFFFFFFFFFFA2
:100E6000FFFFFFFFFFFFFFFFFFFFFFFFFFFFFFFF92
:100E7000FFFFFFFFFFFFFFFFFFFFFFFFFFFFFFFF82
:100E8000FFFFFFFFFFFFFFFFFFFFFFFFFFFFFFFF72
:100E9000FFFFFFFFFFFFFFFFFFFFFFFFFFFFFFFF62
:100EA000FFFFFFFFFFFFFFFFFFFFFFFFFFFFFFFF52
:100EB000FFFFFFFFFFFFFFFFFFFFFFFFFFFFFFFF42
:100EC000FFFFFFFFFFFFFFFFFFFFFFFFFFFFFFFF32
:100ED000FFFFFFFFFFFFFFFFFFFFFFFFFFFFFFFF22
:100EE000FFFFFFFFFFFFFFFFFFFFFFFFFFFFFFFF12
:100EF000FFFFFFFFFFFFFFFFFFFFFFFFFFFFFFFF02
:100F0000FFFFFFFFFFFFFFFFFFFFFFFFFFFFFFFFF1
:100F1000FFFFFFFFFFFFFFFFFFFFFFFFFFFFFFFFE1
:100F2000FFFFFFFFFFFFFFFFFFFFFFFFFFFFFFFFD1
:100F3000FFFFFFFFFFFFFFFFFFFFFFFFFFFFFFFFC1
:100F4000FFFFFFFFFFFFFFFFFFFFFFFFFFFFFFFFB1
:100F5000FFFFFFFFFFFFFFFFFFFFFFFFFFFFFFFFA1
:100F6000FFFFFFFFFFFFFFFFFFFFFFFFFFFFFFFF91
:100F7000FFFFFFFFFFFFFFFFFFFFFFFFFFFFFFFF81
:100F8000FFFFFFFFFFFFFFFFFFFFFFFFFFFFFFFF71
:100F9000FFFFFFFFFFFFFFFFFFFFFFFFFFFFFFFF61
:100FA000FFFFFFFFFFFFFFFFFFFFFFFFFFFFFFFF51
:100FB000FFFFFFFFFFFFFFFFFFFFFFFFFFFFFFFF41
:100FC000FFFFFFFFFFFFFFFFFFFFFFFFFFFFFFFF31
:100FD000FFFFFFFFFFFFFFFFFFFFFFFFFFFFFFFF21
:100FE000FFFFFFFFFFFFFFFFFFFFFFFFFFFFFFFF11
:100FF000FFFFFFFFFFFFFFFFFFFFFFFFFFFFFFFF01
:10100000D1002043F1150060000000000000000046
:10101000201000600010006000100160000000005F
:1010200000000060001C010000000000FFFFFFFF47
:10103000FFFFFFFFFFFFFFFFFFFFFFFFFFFFFFFFC0
:10104000FFFFFFFFFFFFFFFFFFFFFFFFFFFFFFFFB0
:10105000FFFFFFFFFFFFFFFFFFFFFFFFFFFFFFFFA0
:10106000FFFFFFFFFFFFFFFFFFFFFFFFFFFFFFFF90
:10107000FFFFFFFFFFFFFFFFFFFFFFFFFFFFFFFF80
:10108000FFFFFFFFFFFFFFFFFFFFFFFFFFFFFFFF70
:10109000FFFFFFFFFFFFFFFFFFFFFFFFFFFFFFFF60
:1010A000FFFFFFFFFFFFFFFFFFFFFFFFFFFFFFFF50
:1010B000FFFFFFFFFFFFFFFFFFFFFFFFFFFFFFFF40
:1010C000FFFFFFFFFFFFFFFFFFFFFFFFFFFFFFFF30
:1010D000FFFFFFFFFFFFFFFFFFFFFFFFFFFFFFFF20
:1010E000FFFFFFFFFFFFFFFFFFFFFFFFFFFFFFFF10
:1010F000FFFFFFFFFFFFFFFFFFFFFFFFFFFFFFFF00
:10110000FFFFFFFFFFFFFFFFFFFFFFFFFFFFFFFFEF
:10111000FFFFFFFFFFFFFFFFFFFFFFFFFFFFFFFFDF
:10112000FFFFFFFFFFFFFFFFFFFFFFFFFFFFFFFFCF
:10113000FFFFFFFFFFFFFFFFFFFFFFFFFFFFFFFFBF
:10114000FFFFFFFFFFFFFFFFFFFFFFFFFFFFFFFFAF
:10115000FFFFFFFFFFFFFFFFFFFFFFFFFFFFFFFF9F
:10116000FFFFFFFFFFFFFFFFFFFFFFFFFFFFFFFF8F
:10117000FFFFFFFFFFFFFFFFFFFFFFFFFFFFFFFF7F
:10118000FFFFFFFFFFFFFFFFFFFFFFFFFFFFFFFF6F
:10119000FFFFFFFFFFFFFFFFFFFFFFFFFFFFFFFF5F
:1011A000FFFFFFFFFFFFFFFFFFFFFFFFFFFFFFFF4F
:1011B000FFFFFFFFFFFFFFFFFFFFFFFFFFFFFFFF3F
:1011C000FFFFFFFFFFFFFFFFFFFFFFFFFFFFFFFF2F
:1011D000FFFFFFFFFFFFFFFFFFFFFFFFFFFFFFFF1F
:1011E000FFFFFFFFFFFFFFFFFFFFFFFFFFFFFFFF0F
:1011F000FFFFFFFFFFFFFFFFFFFFFFFFFFFFFFFFFF
:10120000FFFFFFFFFFFFFFFFFFFFFFFFFFFFFFFFEE
:10121000FFFFFFFFFFFFFFFFFFFFFFFFFFFFFFFFDE
:10122000FFFFFFFFFFFFFFFFFFFFFFFFFFFFFFFFCE
:10123000FFFFFFFFFFFFFFFFFFFFFFFFFFFFFFFFBE
:10124000FFFFFFFFFFFFFFFFFFFFFFFFFFFFFFFFAE
:10125000FFFFFFFFFFFFFFFFFFFFFFFFFFFFFFFF9E
:10126000FFFFFFFFFFFFFFFFFFFFFFFFFFFFFFFF8E
:10127000FFFFFFFFFFFFFFFFFFFFFFFFFFFFFFFF7E
:10128000FFFFFFFFFFFFFFFFFFFFFFFFFFFFFFFF6E
:10129000FFFFFFFFFFFFFFFFFFFFFFFFFFFFFFFF5E
:1012A000FFFFFFFFFFFFFFFFFFFFFFFFFFFFFFFF4E
:1012B000FFFFFFFFFFFFFFFFFFFFFFFFFFFFFFFF3E
:1012C000FFFFFFFFFFFFFFFFFFFFFFFFFFFFFFFF2E
:1012D000FFFFFFFFFFFFFFFFFFFFFFFFFFFFFFFF1E
:1012E000FFFFFFFFFFFFFFFFFFFFFFFFFFFFFFFF0E
:1012F000FFFFFFFFFFFFFFFFFFFFFFFFFFFFFFFFFE
:10130000FFFFFFFFFFFFFFFFFFFFFFFFFFFFFFFFED
:10131000FFFFFFFFFFFFFFFFFFFFFFFFFFFFFFFFDD
:10132000FFFFFFFFFFFFFFFFFFFFFFFFFFFFFFFFCD
:10133000FFFFFFFFFFFFFFFFFFFFFFFFFFFFFFFFBD
:10134000FFFFFFFFFFFFFFFFFFFFFFFFFFFFFFFFAD
:10135000FFFFFFFFFFFFFFFFFFFFFFFFFFFFFFFF9D
:10136000FFFFFFFFFFFFFFFFFFFFFFFFFFFFFFFF8D
:10137000FFFFFFFFFFFFFFFFFFFFFFFFFFFFFFFF7D
:10138000FFFFFFFFFFFFFFFFFFFFFFFFFFFFFFFF6D
:10139000FFFFFFFFFFFFFFFFFFFFFFFFFFFFFFFF5D
:1013A000FFFFFFFFFFFFFFFFFFFFFFFFFFFFFFFF4D
:1013B000FFFFFFFFFFFFFFFFFFFFFFFFFFFFFFFF3D
:1013C000FFFFFFFFFFFFFFFFFFFFFFFFFFFFFFFF2D
:1013D000FFFFFFFFFFFFFFFFFFFFFFFFFFFFFFFF1D
:1013E000FFFFFFFFFFFFFFFFFFFFFFFFFFFFFFFF0D
:1013F000FFFFFFFFFFFFFFFFFFFFFFFFFFFFFFFFFD
:10140000824205D051F8043B40F8043B8242F9D8AF
:10141000704700BF044A05494FF0000342F8043BFF
:101420009142FBD8704700BFC01E002060460020DC
:1014300008B5BFF34F8F00F047F9544C544B0820C8
:101440005449C3F85401544AC3F800115348C3F82F
:10145000F0405349FFF7D4FF524A53495348FFF72E
:10146000CFFF534CFFF7D6FF4FF470004FF0E02151
:101470000023504AC1F8880D44F823200133B02BD3
:10148000FAD14D4B80214D4A03F8011B9342FBD109
:101490004FF0E0254A4E4B4A4FF0FF31C5F8084D5A
:1014A000D5F8243D43F4E023C5F8243DF36923F047
:1014B0007F0343F04003F361736A23F07F0343F03B
:1014C000400373629166D1661167516700F004F9B9
:1014D0003D4A3E4BA2636322E36300246A61032317
:1014E0003B4AAC612B61C5F8202DD5F8FC2D394B5A
:1014F00042F080723849C5F8FC2D1A6842F00102AA
:101500001A605B680B6000F0B7FA344800F064FCC6
:10151000F16E334B334A41F44051F1661C60C3F81D
:101520000841C3F81841C3F82841C3F83841936B08
:10153000DB0708D442F615632B4951651365936B9D
:1015400043F001039363274A284C936843F0011347
:10155000936000F04FF900F0FBFB00F029FC00F075
:10156000BDFA00F0B3F82368132BFCD900F052FB4E
:101570002368B3F5967FFBD300F0ACF800F0A8F831
:1015800000F01AFC00F024FC30BFFDE70C0D111335
:1015900000800D401B10182058D0000000000000F3
:1015A000001F0060C01E00205CEF006000000020F3
:1015B000001C00207950000000E400E0A0E400E0FE
:1015C00000C00F4000C00A40D1640000D564000094
:1015D00000002020001000E0F84500200046C32352
:1015E0000040084000400D400000C056FC4500206F
:1015F000054B4FF42A01054A05485A641864054A08
:1016000099639546FFF714FF00C00A40AFAAAAAA43
:101610000700200000000720294A00210123C2F80A
:10162000A000C2F8A410C2F8B0305369D907FCD5A5
:1016300001234FF4803C22495361C2F8A000C2F854
:10164000A4C0C2F8B0304B69DB07FCD501234FF4CE
:10165000003C1B4A4B61C1F8A000C1F8A4C0C1F80E
:10166000B0305369D907FCD50123DFF858C01449BD
:101670005361C2F8A000C2F8A4C0C2F8B0304B69F0
:10168000DB07FCD5D1F8003145F60D504FF0210CA9
:101690009AB2C1F814C0824210D045F69D518A42D8
:1016A0000AD1C3F34253032B08D0A3F10403B3FAC6
:1016B00083F35B09180170470020704708207047CA
:1016C00000402A4004000300704700BF704700BF7D
:1016D000704700BF00BF70474FF0E02300214FF07C
:1016E000100C3448C3F8941DC3F89CCD4FF0110C76
:1016F000C3F8A00D3048C3F89CCD4FF0120CC3F8CE
:10170000A00D2E48C3F89CCD2D4AC3F8A00DDFF8DC
:10171000D0C042F015022B48C3F89CCDC3F8A00DF1
:10172000DFF8C0C02848C3F89CCDC3F8A00DDFF88F
:10173000B8C0C3F89C2D2548254AC3F8A0CDC3F8EE
:101740009C0DC3F8A02D02F5A022DFF8A0C00C323A
:101750002048C3F89CCDC3F8A02D1F4AC3F89C0DA8
:10176000C3F8A02D02F14062DFF884C002321B48AA
:10177000C3F89CCDC3F8A02D0A32C3F89C0DC3F862
:10178000A02D00BF00BF00BF00BF00BF0122C3F8F3
:10179000942DBFF34F8FBFF36F8FC3F8501FBFF36C
:1017A0004F8FBFF36F8FD3F8142D42F44032C3F83C
:1017B000142D70473F000010250008070900100095
:1017C0006046002021000207250008131600202093
:1017D00027000B13180000602F000B071A00008071
:1017E0001300200014000020090000101700004022
:1017F0001900007030B5864B85B0DFF874E218220E
:10180000844D0120C3F85CE28349C3F86052A5F51A
:101810008055DFF860C2814CC3F864E2C3F86852B7
:101820002125C3F86CC2C3F870C2C3F874C2C3F8F0
:1018300078C248F20C7CDA661A675A679A67DA67E8
:10184000C3F88020C3F88420C3F88820C1F82C0393
:10185000734AC1F83003C1F83403C1F83803C1F842
:101860003C03C1F85003A1696E4B0A406E486F49B2
:1018700013436F4AA361D4F8843043F00C03C4F8D7
:1018800084304FF0FF34036843F0020303600368C1
:1018900003EA0C031A43674B026044608A68664C93
:1018A0001340664A43F000538360C36823F0780313
:1018B000C360036A23401A43604B0262026A2240FB
:1018C0005F4C1343002243628462C46240F20564A9
:1018D000D1F8B83023F03F0343F00103C0F8B8302B
:1018E000D1F8BC30574923F03F0343F00103C0F85F
:1018F000BC3002610567C0F880404567C0F884408D
:101900000224036823F00203036081614E4B4F49B8
:10191000C46143F8042B8B42FBD1434C236843F052
:1019200001032360256815F00105FBD1454802221B
:1019300040F2F561A06140F29940E26140F26642F6
:10194000C4F8001242F20141C4F81022404AC4F81F
:101950002002C4F8302240F23542C4F834123D4827
:10196000C4F840223C4AC4F850022846C4F8542225
:1019700042F201223949C4F86012C4F86422FFF728
:101980004BFE0246002839D0810201234FF480200B
:1019900021662549C4F8A050C4F8A400C4F8B030AA
:1019A0004B69D807FCD515050124039228464C61E4
:1019B000FFF732FE039A2A4B0244D2B21A7080B16A
:1019C000194980024FF4802348660846C1F8A050A8
:1019D000C1F8A430C1F8B0404369DB07FCD501234E
:1019E000436120490024204801230094401A00EB61
:1019F00002521E4800F0F8F905B030BD1B4B1849E3
:101A000018600870D860C3E9010005B030BD00BFA0
:101A100000801F40F910010000841F4000C00F40EB
:101A2000FFFCFF1F0003008000402A4000802A4086
:101A30001200FFFFFF37F70000FFF07C400000803E
:101A4000FF000F83F05AF05A00422A4000432A4018
:101A50009F041830EB06180A063201263806180AC9
:101A60002E4600200000007000000070704400202E
:101A7000F9B00100F970010010B5174A4FF4805415
:101A80004FF4005E4FF4404C4FF4803043F242017B
:101A9000136913F0020F0DD113F4005F0FD013F48C
:101AA000805F0FD0002BF3DA13F4803F0CD15B067C
:101AB0000ED510BDC2F818C050619161E8E7C2F8B8
:101AC00014E0E5E75461E3E74FF480339361DFE727
:101AD00040235361DCE700BF00800D40414A0320F2
:101AE0004149F3EE095AD2F880309FED406A23F065
:101AF00001039FED3F5ADFF814C100B5C2F88030F2
:101B0000C2F89000D1F8E010DFF804E1CBB2394818
:101B1000CEF8003007EE903A0B0DC1F30B21F8EE32
:101B2000E77A06EE903A07EE101A334BB8EEC77A12
:101B3000CCF80010F8EEE66A304937EEC66A37EEA8
:101B4000C55A76EEC76A77EEE57A26EE266AC3EDC9
:101B5000006A25EE265AD2F8803067EEA64AC0ED1C
:101B6000007AC6EE275A264885EE276AC4EEA76A91
:101B700075EE875AFCEEE55A36EE076A15EE90CA06
:101B8000BCEEC66A43EA0C5376EE877AC2F8803020
:101B900016EE103AD2F890C1FCEEE77A01EA034162
:101BA00041EA0C014FF0000C17EE903AC2F8901188
:101BB000C3F30B03D2F890110B431249C2F89031D2
:101BC000D2F8803043F00203C2F880300E4B80F828
:101BD00040C0C1F840314FF0E0230122C3F8082192
:101BE00000BD00BF00810D4000441F400000AA421C
:101BF0000000B442E8450020EC4500200000FF0F43
:101C000000E400E0001C002059520000E0450020E4
:101C1000E4450020314B40F6617210B5C3F8202135
:101C200040F2044400F0D0F82D4A2E49D2F880301A
:101C30002D4843F00303C2F880302C4BC1F86041BB
:101C400002681A4203D1D1F8A8319A071BD0254A5D
:101C50004FF00041244B5963D2F8403143F0020366
:101C6000C2F84031D2F840319B07FBD44FF400302A
:101C70004FF0E0211C4B4FF00042C1F88C021920BC
:101C80009A6300F0ADF8184B0021164C4FF08042DB
:101C90000A209A634FF420721960C4F8A80114480E
:101CA00000F08EF84FF4800203464FF4810040F2BA
:101CB00043111860C4F858311A640E4B0E4AC4F828
:101CC0004811C3F804224FF0E0224FF40031012301
:101CD000C2F80C11C4F8403110BD00BF00800D40A7
:101CE00000C00F4000002E4000900D40001C1E0060
:101CF00000000020001C00205D54000008B50E4BC1
:101D00001B6E9B0700D4FBBE72B60C4B00200C4A26
:101D1000C3F8400103F160430A49A3F55F2311644E
:101D20009D46BFF34F8F4FF40013074A0748DB6906
:101D300002609B68984700BF00441F4000002E408F
:101D400000C00A4003002000000012EB00802020A9
:101D50000F4B40F2376C0F4AA020D96E41F440314E
:101D6000D966D96E41F44071D966C2F844C0906416
:101D7000936C1B06FCD4084A40F23761A0235164DF
:101D80009364936C13F08003FBD1044A1370704783
:101D900000C00F4000400C4000800C402D46002049
:101DA000F8B500BFF8BC08BC9E46704700000000B4
:101DB0005FF800F0854F00005FF800F01975000033
:101DC0005FF800F0417300005FF800F0C95B0000AD
:101DD0005FF800F0654D00005FF800F0CD480000AE
:101DE0005FF800F0E14B00005FF800F0656500006F
:081DF00045000000C5120000CF
:101DF800160355005300420020005300650072008E
:101E0800690061006C00000018035400650065005B
:101E18006E00730079006400750069006E006F0041
:101E28000403090409026200030100C032080B0020
:101E38000202020100090400000102020100052457
:101E480000100105240101010424020605240600EE
:101E5800010705820310001009040100020A0000AE
:101E6800000705030240000007058402400000093E
:101E780004020002FF6AFF00070581024000010713
:101E8800050102400001000009026200030100C0D0
:101E980032080B00020202010009040000010202DC
:101EA8000100052400100105240101010424020693
:101EB8000524060001070582031000050904010036
:101EC800020A000000070503020002000705840259
:101ED8000002000904020002FF6AC7000705810228
:101EE8000002010705010200020100000A060002C3
:081EF800EF02014001000000AF
:101F000000000000000000000000000000000000D1
:101F100000000000000000000000000000000000C1
:101F20000548064B1B1AD90F01EBA301491002D03B
:101F3000034B03B118477047C01E0020C01E00208D
:101F40000000000008B5054B1BB105490548AFF37B
:101F50000080BDE80840FFF7E3BF00BF00000000BD
:101F600090450020001C0160704700BF704700BF13
:101F7000704700BF70B5124C124B94F800C01D782A
:101F8000114CBCF1000F0DD06E00731900EB400036
:101F900000EB031023189A70003A597018BF012201
:101FA000225470BD05EB450304F1300E6E000EEBBC
:101FB000031E04EB031303F803CB7345FBD1E4E7E3
:101FC0002646002023460020400C002070B5002447
:101FD000164E174D0AE041EA044349F20901013463
:101FE0001448194303F03AFC402C1DD004F00700BC
:101FF000C4F3C40332784FF0407103EB430300EBAA
:10200000400C02F0070203EB0C139042EB5C05D18D
:10201000002BE0D190424FF08071DCD0002B14BF38
:102020004FF0E0610021D6E770BD00BF23460020DD
:10203000400C0020202600203F2914D801F0070082
:10204000CB08DFF824C0303100EB400003EB430342
:1020500003EB00130CEB03008270002241700CF8BC
:102060000320FFF7B3BF7047400C002010B53E4C73
:102070003E4823883C2B94BF3D493E4903F0EEFB8C
:1020800023883A48C72B3C4C8CBF3C493C4903F061
:10209000E5FB3C4B35481B78012B8CBF3A493B494B
:1020A00003F0DCFB23783148312B94BF38493949A0
:1020B00003F0D4FB2378002B4AD03749374C2B4808
:1020C00003F0CCFB23783649012B284894BF00232A
:1020D000012341EA036103F0C1FB23783149012B5D
:1020E000224894BF0023012341EA836103F0B6FB39
:1020F0002D4B1B78002B35D02C491C4803F0AEFB30
:102100002B491A4803F0AAFB2A49184803F0A6FBFA
:102110002949164803F0A2FB2849144803F09EFB06
:102120002749124803F09AFB2649104803F096FB12
:10213000254B1B78A3B125490C4803F08FFB244B9A
:102140001B783BB123490948BDE8104003F086BB2A
:102150002149B3E721490548BDE8104003F07EBBA3
:102160001F49E9E71F49C8E79618002020260020EC
:1021700009906807099068012146002009906907C5
:10218000099069019918002009906A0909906A006C
:1021900009906B0709906B0909906C07981800204B
:1021A00009906D0009906E009A18002009906F0345
:1021B00009907006099071030990720A0990730AD8
:1021C0000990740709907507224600200990760649
:1021D000264600200990770A09906C000990770044
:1021E0000990760009906F0608B5A1F168030F2BDE
:1021F00002D93F290ED908BD69390E2900F2928013
:10220000DFE801F0665E5049574233257E75716DF7
:1022100089831F0001F00700CB08DFF838C1303197
:1022200000EB400003EB430303EB00130CEB030054
:102230008270012241700CF80320BDE80840FFF7CE
:10224000C5BE3C4A137883F00103137009E03A4B92
:1022500000203A4AFC215B6D1070186803681B6807
:102260009847BDE80840FFF701BF334B334A596D2B
:102270001378086883F00103016813700A68002B63
:102280004DD0FA219047ECE72D4A1378012BE8D97D
:10229000013B1370E5E72B4A1378002BE1D0053B97
:1022A0001370DEE7274A1378312BDAD80533137021
:1022B000D7E7234A1378032BD3D801331370D0E721
:1022C000214A1378072B94BF5B0001231370C8E7E2
:1022D0001E4A1388C72BC4D80A331380C1E71B4B8F
:1022E00078221A80BDE71A4B00221A70B9E74FF422
:1022F00040720021174806F0A3FFFFF767FEB0E722
:102300000D4B01200D4AFA21A5E7134A137883F0FB
:1023100001031370A5E70B4B00221A70A1E7FC2103
:1023200090479EE7094A13883C2B9AD90A3B1380B1
:1023300097E700BF26460020804400209A1800201E
:102340009818002021460020991800209618002097
:1023500023460020400C00202246002070B5E029D2
:1023600082B08C469DF818E02BD80EF1FF3E5FFA44
:102370008EF15FEADC1E26D00F2924D81E460346C4
:10238000406D644615460193006821430268126857
:102390009047019B05F07F01586D00680268126844
:1023A000904704F0EF0CBCF1C00F0CD0019B06F07D
:1023B0007F015B6D186803681B6802B0BDE8704060
:1023C0001847F72901D802B070BD01F1080CDD23D0
:1023D0005FFA8CFC23FA0CF3DB07F4D5436DE9E7D5
:1023E0000268034600B583B01AB174300193904778
:1023F000019B93F87520803A7F2A00F28780DFE8FE
:1024000012F080008500850085008500850085002C
:102410008500850085008500850085008500850094
:1024200085001301850085008500850085008500F5
:102430008500850085008500850085008500850074
:1024400085000D01850085008500850085008500DB
:102450008500850085008500850085008500850054
:102460008500FD00850085008500850085008500CC
:102470008500850085008500850085008500850034
:102480008500F900850085008500850085008500B0
:102490008500850085008500850085008500850014
:1024A0008500EE008500850085008500850085009B
:1024B00085008500850085008500850085008500F4
:1024C0008500D60085008500850085008500850093
:1024D00085008500850085008500850085008500D4
:1024E0008500C800C400B300AA0085008500A600CE
:1024F0008500A2009E009A009600920085008E0042
:102500008700D3F808E0BEF1000F7CD103B000BD16
:102510001B6D002BFAD003B05DF804EB1847DB6CA1
:10252000002BF8D1F2E79B6C002BF4D1EEE75B6C4B
:10253000002BF0D1EAE7DB6B002BECD1E6E71B6C5C
:10254000002BE8D1E2E79B6B002BE4D1DEE75B6B6D
:10255000002BE0D1DAE71A6B002AD7D093F8760087
:1025600003B05DF804EB1047D96A0029CED093F888
:10257000772093F87600D30100F07F0003F47E53B8
:10258000184303B05DF804EB08479A6A002AE5D1C6
:10259000BCE75A6A002AB9D0B3F8761003F1780084
:1025A000802928BF802103B05DF804EB1047D3F8E1
:1025B00020E0BEF1000FA9D093F8771093F87620B1
:1025C000C90193F8740002F07F0301F47E511943AE
:1025D0007346A1F5005103B05DF804EB1847DA69C2
:1025E000002A93D093F8761093F8740003B05DF846
:1025F00004EB10479A69002AF4D187E7D3F814E076
:10260000BEF1000F82D093F8772093F8761093F8FC
:102610007400734603B05DF804EB1847D3F810E07C
:10262000BEF1000FEFD171E7D3F80CE0BEF1000F5F
:10263000E9D16BE738B5436D0446186803681B6938
:102640009847002841D094F80D31626D23F00103C2
:1026500084F80D31106803685B699847C3B2FD2B9D
:1026600033D0626E9ABB94F8592084F85B3082F0C4
:1026700080016F2911D802F0F00122F00F0CB0296F
:1026800000F09A8002F0E00E00F28F80BEF1800F21
:1026900000F0DA81A02900F08F8040B2000606D554
:1026A000F42B04D003F0F702F52A40F0A88094F947
:1026B0000D01636840F0010084F80D0103B19847F3
:1026C0000023C4E9183384F85930002038BD0106CE
:1026D0003BD494F85B10206EF02900F1FF3C5BD0F6
:1026E000F72959D0A118624581F85B305AD394F884
:1026F0005B30F02B00F09081F72B00F08D81DA0930
:1027000000F0CB81F42B00F0C88103F0F702F52A2A
:1027100000F0C381EF2B40F210821A4684F8753026
:10272000002194F85CC0032884F8741084F876C003
:1027300000F0E881012384F87710C4E9181184F8C7
:10274000F830002384F8593057E0A3F1F0010F2945
:10275000BFD801A050F821F0630B0000D3070000A0
:10276000D3070000D3070000D3070000D307000001
:10277000D3070000630B0000E3080000E30800003B
:10278000E3080000E3080000E3080000D3070000AE
:10279000E3080000E3080000A118624581F87830E2
:1027A00080F03A81013262668FE7BEF1C00F00F01F
:1027B0004B81E0297FF471AF40B20028FFF66EAF85
:1027C000012084F85C300B4684F85B2060660321AE
:1027D00002202166616E814280F07E810131616656
:1027E00073E70021012284F87530A4F8761084F88C
:1027F0007410C4F8FC2084F8F820012038BDEF2BB9
:102800001A4640F2CA81A3F180017F293FF64FAFFB
:1028100001A050F821F000BFCF080000AF07000072
:10282000AF070000AF070000AF070000AF070000D0
:10283000AF070000AF070000AF070000AF070000C0
:10284000AF070000AF070000AF070000AF070000B0
:10285000AF070000AF070000CF080000AF0700007F
:10286000AF070000AF070000AF070000AF07000090
:10287000AF070000AF070000AF070000AF07000080
:10288000AF070000AF070000AF070000AF07000070
:10289000AF070000AF070000CF080000AF0700003F
:1028A000AF070000AF070000AF070000AF07000050
:1028B000AF070000AF070000AF070000AF07000040
:1028C000AF070000AF070000AF070000AF07000030
:1028D000AF070000AF070000CF080000AF070000FF
:1028E000AF070000AF070000AF070000AF07000010
:1028F000AF070000AF070000AF070000AF07000000
:10290000AF070000AF070000AF070000AF070000EF
:10291000AF070000AF070000BF0B0000AF070000CB
:10292000AF070000AF070000AF070000AF070000CF
:10293000AF070000AF070000AF070000AF070000BF
:10294000AF070000AF070000AF070000AF070000AF
:10295000AF070000AF070000BF0B0000AF0700008B
:10296000AF070000AF070000AF070000AF0700008F
:10297000AF070000AF070000AF070000AF0700007F
:10298000AF070000AF070000AF070000AF0700006F
:10299000AF070000AF070000CF080000AF0700003E
:1029A000AF070000AF070000AF070000AF0700004F
:1029B000AF070000AF070000AF070000AF0700003F
:1029C000AF070000AF070000AF070000AF0700002F
:1029D000AF070000AF070000C70B0000BF0B0000EF
:1029E000CF080000BF0B0000AF070000AF070000DA
:1029F000A50B0000C70B0000A50B0000A50B0000F5
:102A0000A50B0000A50B0000A50B0000AF07000000
:102A1000A50B0000A50B000080220123F0206049D7
:102A200094F8F750C4F8FC2084F8F700204684F8A6
:102A3000F8306167FFF7D4FCF722022384F879505D
:102A400084F87820636640E640B20028FFF626AEA0
:102A5000012184F85B2084F85C3061665FFA8CF3B6
:102A6000D1E694F87810F02902D0F7297FF41FAE50
:102A7000511C22444FF4704082F878300023012228
:102A8000A4F87610C4F8FC10A4F8740084F8F820B8
:102A900084F85930C4E91833AFE600210A4684F8B7
:102AA00075103DE60022012184F8753084F8742009
:102AB000A4F8762084F8F810C4E918229DE60221D3
:102AC0000120216686E68020002184F87830206687
:102AD0007F2084F859107DE6012002F00F020021CA
:102AE00094F85CC0024484F8753084F876C084F8A9
:102AF000771084F87420C4F8FC0084F8F800C4E966
:102B000018117AE694F85D00C4E91811012184F8DF
:102B1000770084F8F810B02A02F0EF0106D8802977
:102B20003FF410AEA02A7FF40CAE0BE6C0293FF4B0
:102B300009AEE02A7FF405AE04E603F0F002B02A05
:102B400084F8752007D003F0E00120D8802902D056
:102B5000A02A7FF4E5AD03F00F01032801F1010184
:102B600084F8741094F85C1084F876100CD000206F
:102B70000021B02A84F87700C4E918114FF0010150
:102B800084F8F810C7D1DDE594F85D00F0E7C029BE
:102B9000E1D0E02A7FF4C4ADDDE723F00F0C5DE760
:102BA00000F0800090F87030DA0725D5012B23D98A
:102BB000024670B590F875E084B08EF0800CBCF1E0
:102BC000600F1AD890F874C05B08002918BF8C45B4
:102BD0000CBF01210021022B51D0032B52D0012B1D
:102BE00008D192F87730714692F87620CDF800C07F
:102BF000FFF7B4FB04B070BD7047BEF1F10F1CD9F4
:102C00000EF10E03012143F25070DBB201FA03F31F
:102C1000034270D1D90754D4BEF1F30FEAD1536DFA
:102C200071460392186892F8764003681B689847CB
:102C3000039A04F07F01536D1AE0BEF1F00F24D027
:102C4000BEF1F10FD6D192F87630714692F877C086
:102C5000406D1B010CF00F0C0392006803F0700331
:102C600043EA0C0403681B689847039A2146536D96
:102C7000186803681B6804B0BDE870401847002955
:102C8000B8D0AEE70029B5D1ABE7B0F87630002B6D
:102C9000B0D0802B00F1770528BF80231E46516DF0
:102CA0002B462C460392086813F8011F1D46036843
:102CB0001B689847A4F17603039A9B1A9E42EED8AC
:102CC00098E7506DF22192F877C092F8763000685C
:102CD00043EACC14039203681B689847039A04F0F4
:102CE0007F01536D186803681B689847039AC4F303
:102CF000C611536DBCE7BEF1F70F7FF67BAF0EF147
:102D00000803DD21DBB221FA03F3DB077FF572AFA5
:102D1000536D7146ACE700BF2DE9F04F964C2DED99
:102D2000028B87B001F04CFB0021944802F0FEFDBD
:102D300094F85850102D40F25581914D2B78BBB925
:102D4000904F914A3B6811685B1AF92B0BD939688F
:102D50008E4B11609A6812F0080F4FF0080200F0D5
:102D60000381C3F8882007B0BDEC028BBDE8F08F6B
:102D7000874BF3EE086A9FED878A1B88814F07EE29
:102D8000903A85493A68F8EE677A0B68D21A88EE6D
:102D9000277AC7EE267AFCEEE77A17EE903A9BB2D6
:102DA000934240F26F817D4BF5EE007A7C491B78AF
:102DB00027EE277A3A6806EE903A0B68F8EE666AD4
:102DC000D21AC7EE267AFCEEE77A17EE903A9BB25B
:102DD0009342B6D83B680B60724B1B78002B40F0D7
:102DE000B781714EDFF8ECB1704B00219FED698A1D
:102DF0001878DFF8E49100EB40036D4CDFF8DC81DC
:102E000006EB0316CDF814B0CDE9030703E001315A
:102E10000336102961D03378002BF8D0039BDB07F1
:102E20002AD5644B1A783AB3594BB5EE007A4FF471
:102E30007A701B8807EE903A584BF8EE677A1B7849
:102E4000C8EE276A66EE876A07EE103AB8EE477A50
:102E5000C6EE877AFCEEE77A17EE903A9BB202FB59
:102E600003F3554AA2FB03235B0900FB03F35B0852
:102E70009AB2002A40F05A8199F80030002BC6D04F
:102E8000CFB20025DFF858B14FF0FA0A0291B378BB
:102E90009021727838480097FFF760FA6168DBF894
:102EA0000020A8FB0232920C0AFB02F263685B1A54
:102EB0009A42FBD801357278002380212E48EDB26A
:102EC0000097FFF74BFA99F80030AB4200F2F4801C
:102ED00002990336013110299DD1344C0621314A23
:102EE00023783648DDE9047B8BF80030013303F0AA
:102EF0000F0323700123137005F060F9244B304851
:102F0000198803F01FFC07212E4805F057F9234BC1
:102F10000A222B481978002303F048FC07212A488D
:102F200005F04CF9234A0023254811780A2203F0C2
:102F30003DFC0921254805F041F900230A2299F8B2
:102F400000101F4803F032FC0621214805F036F935
:102F500000230A2221781A4803F028FC184803F0BD
:102F6000FDFBFFF733F8ECE6C3F8842007B0BDECB7
:102F7000028BBDE8F08F00BF804400202026002097
:102F80009A180020FC450020C84200200040004262
:102F90009618002000606A47D0420020991800204F
:102FA000CC42002024460020400C00202346002074
:102FB000001000E0214600201F85EB51540900203D
:102FC000501500205C090020640900206C090020D5
:102FD00078090020254600209818002083DE1B4336
:102FE0004C1500202046FFF725FB00283FF4A5AE36
:102FF000636F03F0FF23B3F5104F00F0C58094F822
:10300000753083F08003602B94BF0023012394F874
:103010007420002D18BFAA4201D0002B47D05D4874
:10302000FFF7DEF929465B48FFF7BCFD5A4B94F8E1
:1030300075201B7894F8746094F8761094F87750A3
:10304000B3B9A2F19003B3FA83F35B090DB1002B7E
:1030500064D1802A05D0002D7FF46FAE002B3FF4A1
:103060006CAE0B46721C4D494D4803F091FB64E673
:10307000902A4DD0802A7FF460AE00223046FEF7C1
:1030800079FFEEE7636D18683B680B60F821036811
:103090001B6898472B78002B3FF453AE414B1B889D
:1030A00007EE903AF8EE677A88EE277A7BE62946B3
:1030B0003848FFF777FD40E63A4AB5EE007A616896
:1030C0004FF47A7C1288DBF8000007EE902A364A2B
:1030D000F8EE677A1278C8EE276A66EE876A07EE1E
:1030E000102AA8FB0020B8EE477A800CC6EE877A3B
:1030F000FCEEE77A17EE902A92B20CFB02F2B2FBDA
:10310000F3F200FB02F263685B1A9A42FBD8BEE658
:103110002A463046FEF72EFF002DA2D00B46721C29
:10312000224900951E4803F033FB06E61346DFF8FC
:103130008CB01F4A1F4F5068DBF80050A7FB057585
:10314000AD0C03FB05F553681B1A9D42FBD893E6B3
:10315000DFF86CB00025184E9BF8004004EB4404E7
:1031600006EB041404E001350334102D3FF43CAEAB
:103170002378002BF7D0E9B262780023054800914C
:103180008021FFF7EBF8EEE78022002384F875201A
:103190003DE700BF80440020224600203409002083
:1031A00050150020961800209918002010090020C2
:1031B000001000E083DE1B43400C00204C15002073
:1031C0002546002038B5334A0024334D03203349C7
:1031D0004FF6FF736A6511608022214685F8700002
:1031E00005F17800AC60A5F8584085F85A40C5E96B
:1031F0001A33C5E90044C5E90344C5E90544C5E9F6
:103200000744C5E90944C5E90B44C5E90D44C5E9CE
:103210000F44C5E91144C5E91344C5E918446C6776
:1032200085F8F84006F00CF81D481E4BC5F808411B
:10323000A5F80C410360C0F84403C0F86003C5E979
:103240004044194DC0E9014401F0C6FC174905F599
:103250009F6205F5DF60296005F6F801144B2A63CB
:1032600005F6F822C5F846302A642D62C5E90D013D
:103270002846C5E9014402F06DFA0E4B0E48196864
:103280000E4A2860116018680D491A680D4B0860D5
:103290001A6038BDF44500208044002060150020ED
:1032A000402200206804002020260020D8030020AF
:1032B00000029001FC4500204C040020CC4200207C
:1032C000D0420020C84200202DE9F84301210D2002
:1032D00003F086FC3F4D404B0822404C40F2EE2864
:1032E000C3F888203E4F2E68DFF8F89004F0E2FF24
:1032F0002378002B5BD03B78DA0758D52B68D9F8B8
:1033000000209B1A0E2B52D9354E364F04F0D2FFB7
:103310002378002B55D03378DB0752D52B683A68D9
:103320009B1A0E2B4DD9304C002247F612212F4804
:1033300002F026FF636D002247F612211868036829
:10334000DB6998470023626D032184F85A30A4F8A2
:103350005830636784F87010FA2110684FF6FF72D6
:103360002E680568C4E918332D6884F8F830C4F86D
:10337000FC30C4F80061C4E91A22A8471C4B1D4A5E
:103380001D481E49C3F88C21C3E9601000F03EF8C7
:10339000FEF76CFEFEF71AFE2A21194804F00EFF14
:1033A000184803F0DBF9BDE8F843FEF75FBE2B6871
:1033B00022789B1B52B1B3F5FA6FA5D804F07AFFBF
:1033C00094E72B68B3F57A7FA0D3ACE74345F5D9F2
:1033D0009AE700BFFC45002000400042364600202E
:1033E000354600200C460020804400206015002057
:1033F0002026002071000000E902000039010000D1
:103400008009002050150020704700BF38B5534A8E
:103410004FF4805E4FF400554FF440444FF4803039
:1034200043F24201136A13F0020F40F0878013F455
:10343000005F00F0878013F4805F00F08580002B30
:10344000F0DA13F4803C40F082805B0640F1838028
:10345000434C444AD4F88010434B41F003014348A5
:10346000C4F880104FF0404191634FF440415163E4
:103470000521C2F800C00822C0F8B4104FF08061E6
:10348000C0F8A4220A205A680A435A60C3F884107C
:1034900003F026FB364AD2F8403143F00203C2F86B
:1034A0004031D2F840319B07FBD4324D01F066FF2A
:1034B00001242B1F05F17C0243F8044F9342FBD1FA
:1034C0004FF4807200212C4805F0BAFE00222B49EF
:1034D000274B0A700321C3F89040C3F8A81128496C
:1034E000C3F84821C3F85451C3F84C21C3F85821FC
:1034F000C3F84011D3F884212249234842F4805272
:10350000C3F88421D3F85821D3F85421C1F800021C
:103510001E4A4FF0E0214FF48030C1F80C01C3F88F
:103520004821D3F8482142F01202C3F84821D3F8C9
:10353000482142F44022C3F8482138BD94625062C9
:1035400091626FE755626DE7C2F824E06AE74FF4D5
:103550008033936266E74023536263E700800D4047
:1035600000C00F4000A00D400080004200801F40BE
:1035700000022E4000200020A8410020204600200C
:10358000158B0100001C0020591C000004000003E2
:10359000C368002B32D063298CBF002301236BBB8F
:1035A00010B582B004460091019303F0EFFADFF802
:1035B000B8E0A060DEF80000DDE90013002841D08B
:1035C000DFF8A0C0DCF88C2022F07F42914216D3B5
:1035D0004369891A23B92DE05869891A58B30346FB
:1035E0001A698A42F8D99869521A1A61A061C4E925
:1035F00004139C61A3695C6102B010BD704772B690
:103600004FF00070CCF88C30521ACCF84401A36112
:10361000DEF800302161013963611A614FF04042E8
:10362000CEF800409C61CCF88810CCF88C2062B6B3
:1036300002B010BD034600222161C4E905235C618C
:1036400002B010BD074B01F1FF3C4FF04042A061BA
:10365000CEF80040C4E90410C3F888C0C3F88C2039
:10366000CAE700BF00022E407041002072B6184A1F
:10367000136873B183420ED05B6953B198425B69A2
:10368000FBD181694B6123B100691A6999610244D8
:103690001A6162B670470F484FF0000C5B69C0F8C2
:1036A0008CC09BB1D0F88C1010B421F07F411C6904
:1036B00021441961C0F888104FF04041C0F88C10C7
:1036C000C3F818C0136062B610BC70471360E0E71F
:1036D0007041002000022E4003698C469A68510612
:1036E00070B5054603D41B689A685206FBD5402284
:1036F000DCF80860DCF83CE0CCF80820DCF80020BE
:103700001A60DCF804205A60DCF80C20DA60DCF87F
:1037100010201A61DCF814205A61DCF818209A6134
:10372000DCF81C209D62DA61DCF82C201C68DA626F
:10373000012CDCF83020DCE90D011A631A46C3F8CD
:103740003CE0C3E90D0103D0126811680129FBD1E7
:10375000C2F800C00122CCF800201A6894451A462D
:103760002DD04FF0000E1068114604680246C1F8D3
:1037700024E08E46A4450862F5D151620021116211
:1037800095F8341011F0FD0F08D10E480168596208
:1037900079B10B62026001209E6070BD0A48016829
:1037A00059620029F5D109490B60026001209E6031
:1037B00070BD07490B60026001209E6070BD002152
:1037C000DBE700BFB0420020B8420020BC4200202E
:1037D000B44200202DE9F0470C46C98882B0B1F50B
:1037E000804F03D9002002B0BDE8F087904699468B
:1037F000054601F00FFE0028F4D0009001F00AFE0B
:1038000000990346002876D0E08800283BD1DFF8F5
:103810000CA1D5F800E00B60DFF804C101223C4F99
:1038200004EA0C0C256866684A608F60CC600CF571
:1038300080540C610CF500544C610CF540548C61C3
:103840000CF58044CC6100245A60C3F808A0DC6009
:103850004FF48054C3F83C901C614FF40054C3F8FB
:1038600028E05C614FF44054C3E90B809C617046D2
:103870004FF48044C3E90D56DC611A6002B0BDE824
:10388000F047FFF729BFCDE9001301F0C3FD024661
:10389000DDE9001398B394F800C0E0884FEADC1C1F
:1038A000D5F800E01B4D4FEA0C268CF0010746EAE4
:1038B000004C4CEA05054FF0010CC2F804C0DFF8DB
:1038C00060C0956008EA0C0CC2F80C800CF58055BD
:1038D00015610CF5005555610CF540550CF5804C03
:1038E0009561C2F81CC00A601360C2F828E00A4A59
:1038F00042EA072A90E7084601F094FD72E708467D
:10390000009301F08FFD009801F08CFD6AE700BF85
:10391000800208008000008080800080808100801C
:1039200000F0FFFF2DE9F84F4FF0E0254FF4803A0B
:1039300080468946D5F80C719B46C5F88CA1164681
:1039400007EA0A0701F066FD00287FD006F1FF3A7A
:1039500004465FEA9A3A04D114E0BAF1010A2860F9
:1039600010D0054601F056FD0028F6D12646246801
:10397000304601F057FDAE42F8D1002F5FD1002054
:10398000BDE8F88F00234FF0010EC0F83CB006638D
:10399000C0F800E03049C0E90D33C0E90A892F4B77
:1039A00098F8350043EA002A2346000209EA01029A
:1039B000B6F5804F02F5805B02F5005C02F54055DC
:1039C00002F5804222D840EA0646234A48F28005A2
:1039D0004FF0010C09EA020221463543C3F804C046
:1039E00002F5805602F540549D6002F5005502F53F
:1039F0008042C3F80C9040461E615D619C61DA61B3
:103A0000FFF76AFEA7B90120BDE8F88FC3F804E00C
:103A1000A6F58046C3F808A0C3F80C9009F58049C4
:103A2000C3F810B0C3F814C09D61DA611B68BDE72C
:103A30004FF0E0234FF48032C3F80C21E3E74FF05E
:103A4000E0234FF48032C3F80C2198E7002F96D082
:103A5000C5F80CA193E700BF00F0FFFF8000004015
:103A60002DE9F843DFF8EC90D9F800505DB14FF044
:103A70000008AB682E6A1A0602D413F07C0F04D13A
:103A80003546002EF5D1BDE8F8836B6A002B5CD07B
:103A90001E62AF6A002E47D0736233462846996A89
:103AA000B942C5E908881A6A05D092B11346996AE5
:103AB0001A6AB942F9D1596A41B30A6252B39E42B5
:103AC0005162C3E9088803621846EFD116461346CF
:103AD000EDE703462C6A1A681B683B61C7F80C8047
:103AE000C7F818802CB12046246A01F09BFC002CFA
:103AF000F9D13A6C1AB12846C5F82080904728467B
:103B0000354601F08FFC002EB3D1BCE7C9F8002088
:103B1000002AD4D19E4208BF1646C3E908220C4AA7
:103B2000036211602C6AD6E72A682A680849C5E949
:103B300008663A613A6CFE600B60BE61002ADAD119
:103B40002846BDE8F84301F06DBCC9F80060A0E765
:103B5000B0420020B4420020874B30B5D3F8444136
:103B600083B06103C3F8444109D5844B1B6833B16A
:103B70009A6812F0FC0F5CD01B6A002BF8D123036B
:103B800009D57F4B1B6833B19A6812F0FC0F66D0E1
:103B90001B6A002BF8D1A00700F18F8061070FD5B9
:103BA000754BD3F8845145F02A02C3F88421AA0743
:103BB00069D42B0704D4734B1A78022A00F09F8033
:103BC000E20107D56F4B1A78012A00F0BF80032A63
:103BD00000F0AE80A3012AD5DFF8C4E1DEF80020B2
:103BE0002AB35369944600250EE019699D610429A2
:103BF00000F2B680586919B110B104690C4404612F
:103C0000CCF814309C460346CCF81450002BECD171
:103C1000CEF800305C4D002411465269C868036834
:103C20009B68AB42C1E9054455D1002AF4D103B0E9
:103C300030BD120406D59A6A1846D26B12B10193B0
:103C40009047019BD3E90851002941D00D621846E5
:103C5000002D38D0696201F0E5FB2B4688E715049A
:103C600006D59A6A1846D26B12B101939047019B10
:103C7000D3E9085121B30D621846BDB1696201F064
:103C8000D1FB2B4680E715F001022AD03D4A11787E
:103C900001298ED801203D4924F0807410704FF026
:103CA0004042C3F88010C3F8842093E7384A11607B
:103CB00001F0B8FBA0077FF571AFFFF7D1FE6DE70C
:103CC0002F4A1560D8E7334A116001F0ABFB56E785
:103CD0002A4A1560BBE701929847019A002A9BD1B6
:103CE000A5E728492C4B0A700221019299632B4BBE
:103CF000186800F03FFE294B019A1A6059E76807DF
:103D00007FF568AF03251C4904F080701D7042F2F6
:103D10001075C1F880504FF04045C1F88450D1F87B
:103D20008411890501D51C494A6300283FF452AF2C
:103D30000420114900221870D1F884011146C0F303
:103D4000816000F069FB154B186043E70A4A0221C5
:103D50001970D2F8843143F48073C2F8843139E7A2
:103D6000CEF80030013904484FF04043C0F88810C5
:103D7000C0F88C304EE700BF00022E40B442002055
:103D8000BC4200202046002009150000A08601004A
:103D9000B8420020B042002000A00D40C4420020E4
:103DA00070410020036B012A2DE9F04F8C4C38BF85
:103DB00001221B7D89B004FB01F1022B4FEA114562
:103DC00000F0A6800523012141EA5104A24240F2FD
:103DD000EB80013B4FEA4101F6D120231C460393BF
:103DE00090F83530A0F84440002B40F0D88005F121
:103DF000840102254FEA5119039A002A00F08480B9
:103E00004FF0FF370023D2007649BA460093029262
:103E1000CDE906408C469846DDF80CE0CDE9041368
:103E20009CF8030066469CF802B000214419CDF8C6
:103E300004C016F8012B0BEB050C834623464A44BD
:103E4000F078944500EB050457D3A34238BF2346CE
:103E5000634538BF6346BB4202D2C2461F4600914B
:103E600001310429E5D1F044DDF804C0029BB8F12A
:103E70001F0F9C44D4D9039ADDE9041301330831A0
:103E80009A42C7D1BB2FDDF800B0DDE906403BD830
:103E9000BAF11F0F5646A0F84840A0F84CB080F881
:103EA0004E9080F84F50A0F84AA016D84D4A029F75
:103EB00002EB0B0101EBCA010C789A448A784C445E
:103EC000BAF11F0F2A440C708A70CC780A792C44FE
:103ED0002A44CC700A713944EED901221C23A0F87F
:103EE000466002FA0BF203FA0BF380F8362080F8F2
:103EF0003730012009B0BDE8F08F934238BF134638
:103F0000A34238BF2346A6E7002009B0BDE8F08FE2
:103F10000F2A4FF0010328BF0F22541E03FA04F4A6
:103F2000B4F5807F43DCE20800D013464FF0FF3E3B
:103F3000573500262B4FF446A0F844303346002175
:103F4000FA5C234402EB5512914238BF1146FF2B15
:103F5000F6D9714501D28E46B4460136A642EDD15E
:103F6000BEF1BB0FD0D86D09BCF1FF0FA0F84840DF
:103F7000A0F84AC080F84E5006D86346FA5C2A443E
:103F8000FA542344FF2BF9D9012C14D0022C1DD054
:103F9000042C20D80CF00302112393400CE066356A
:103FA0004FF002096D0927E70C46039118E720231B
:103FB0004FF48074BAE7FF234FEADC0C002280F84C
:103FC0003630A0F846C080F8372092E70CF00102A6
:103FD00055239340F0E70CF0070201239340EBE7F1
:103FE000AB2A0100A8410020B0F846C0BCF11F0F69
:103FF0003DD8F0B5B0F844E040F002051C4C07E0B5
:10400000BE452ED90260A551F444BCF11F0F20D843
:1040100054F82C204FEA8C06D107F3D402F00601A5
:1040200022F01F030229B3F84470E9D0BE4518D925
:104030001A468242E8D011681F2921F01F02F8D8E1
:104040001A68F4440260BCF11F0F40F002021A60CB
:10405000DED9F0BD1B6823F01F03B3F8442072457E
:10406000E6D39842D0D01A68D207E1D4F2E770477D
:10407000002000202DE9F84306460F4615469946D4
:1040800001F0B8F900287BD0044601F0C3F980465E
:10409000002872D060220021204605F0D1F83C2291
:1040A000002108F1040005F0CBF801234022032F82
:1040B000C8F80030C8F80820C4F8108084F835909B
:1040C0006361266384F834705ED03DB17368002B61
:1040D00065D01A469B6B002BFBD19463317D002F7A
:1040E0003BD101294FF480408CBF00230123DA0625
:1040F0002B0243EA0133089943EA0143717D0B43E4
:104100000343134394F8372043F070436360B37D57
:10411000F17D1B0443EAC15343EA022394F836209D
:10412000134343F08043A36037F0020318D1264BBA
:10413000D3F85821CAB9616844F00202204641F41C
:10414000004161602260C3F85841D3F8402142F039
:104150002002C3F84021BDE8F88300221046C7E7DB
:10416000032F1ED02046BDE8F883116844F00203F7
:10417000204621601360BDE8F883204601F042F933
:1041800000242046BDE8F883DDE908122046FFF749
:1041900009FE90B14DB9317D2A462846A8E77460E2
:1041A0009CE72046FFF720FFDCE77368002B90D1E7
:1041B0001A46317D184674609AE7404601F032F99C
:1041C000204601F01FF9DBE700022E40F8B590F819
:1041D0003430044613F0FD0F4DD1036823F01F0364
:1041E000984200F0C6801A68194622F01F039C42CC
:1041F000F9D163681D0400F1AD802368694A0B6042
:10420000D2F8403143F04003C2F84031D2F8443193
:104210009806FBD52023C2F84431634E3568E5B1DA
:1042200028462D6A836AA342F9D1436A002B00F025
:10423000B2801D62002D00F0AB806B6223691F2BE2
:1042400003D804E01B681F2B01D98342FAD198429E
:10425000E5D001F0E7F8002DE2D125691F2D05D941
:1042600028462D6801F0DEF81F2DF9D82046BDE85C
:10427000F84001F0C7B84D4800F1800550F8042F10
:10428000D1070CD422F01F02944203D158E08C4293
:104290005BD00A46136823F01F01DB07F7D5854280
:1042A000ECD1236B94F84E601B7DB4F848E0022BF0
:1042B000B4F84A2053D01F2A1BD8B4F84C303C49DC
:1042C00094F84FC00B4403EBC2031F7872449D78EF
:1042D000D878BF1B1979A5EB0C05A0EB0C001F2AA1
:1042E000A1EB0C011F709D70D870197103EBCE0308
:1042F000EBD9304E3568002DAFD028462D6A836A41
:10430000A34206D0002DA8D028462D6A836AA34276
:10431000F8D1436A002B43D01D62002D3DD06B6263
:1043200023691F2B03D804E01B681F2B01D983428C
:10433000FAD19842E6D001F075F8002DE4D18CE76F
:1043400023688542036099D1ABE7236885421360F7
:1043500094D1A6E74B6843F400434B604DE7FF2A36
:10436000C7D813498B5C9B1B8B547244FF2AF9D925
:10437000BFE70C4AD2F8403123F02003C2F84031A5
:10438000D2F8443113F40043FAD1C2F8583144E76B
:10439000094A136052E735604CE7084A1360BFE7EB
:1043A0003560BAE700022E40B4420020FC1F002016
:1043B000A8410020BC420020B0420020B8420020AA
:1043C0000B4B70B51E688EB10A4DF46814B90AE043
:1043D000646844B12368DB68AB42F9D02046984753
:1043E0006468002CF6D1B668002EEED170BD00BF17
:1043F000C04200206D000000064900220B68C0E9A1
:1044000001222BB11A465B68002BFBD1506070472C
:1044100008607047A8420020F0B583B007460E46FA
:10442000154600F0D7FF00283CD028220021044682
:1044300004F006FF002308202775A6751A46E575C7
:104440001946009020460193FFF714FE206030B318
:1044500000F0F0FF2368154A206115491548DA631A
:104460000122186483F8352013480B680270A3B149
:104470001A469B68002BFBD1946000230F484FF431
:1044800000210F4A2376C2E900010E4A20460C495A
:10449000FFF7A0F9204603B0F0BD0C60EDE7204621
:1044A00000F0A0FF0024204603B0F0BD0929000061
:1044B000C0420020452700002A4600208006000157
:1044C000E0400020E038002010B5037E092B00F208
:1044D0009480DFE803F016223D404C61697073055B
:1044E0004F4B504993F805C000234FEA0C4C1A4635
:1044F0004B604CF4106CBDE81040C1F800C0FFF7F1
:1045000069B99FED3F7B474A0023464982ED007B16
:10451000BDE81040424AFFF75DB9DFF81CE1424BAD
:104520009EF80010D3F800C00131802928BF012176
:10453000BCF1000F53D0634602E09B68002B4ED0C5
:104540005A7D9142F9D10131802908BF0121F2E75A
:104550009FED2D7BD7E79FED2E7B324A002331491B
:1045600082ED007BBDE81040304AFFF733B92C4A9A
:10457000B0F822E02B4912F804CB2D4B43EA0C4350
:10458000DFF8B8C04EEA0C0C0B600023C1F804C081
:10459000BDE81040FFF71EB9214AB0F822E02149DA
:1045A00092F801C00432E8E71D4AB0F822E01D4944
:1045B00092F802C0F6E79FED187BA4E7184A1D4960
:1045C0005388184C0B801B04DFF874C021466360CD
:1045D0000023C4F800C0BDE81040FFF7FBB80B048F
:1045E0008EF800100F4943F4A0630B600023BDE870
:1045F00010401A464B60FFF7EDB810BDAFF30080D6
:104600008006000100000800800600010000120082
:10461000800600030000FC0780060002000009007D
:10462000E0380020E0400020C0420020E4380020B4
:1046300080060003184600202C4600200000FC07DE
:1046400080060002836A186B90F824300133DBB2D5
:10465000182B80F8243003D9024B00221A707047BF
:10466000FFF732BF2A46002070B50E69002E3AD0FF
:104670000546D36A002837D0315C0131C9B293B303
:104680005A78032A2FD1C1F1320271551C78520099
:1046900001EB5400D2B23128C8BF1446022C13D902
:1046A000302911D806F1020CA3F1020E04238C4428
:1046B0000131DAB21EF803000233C9B20CF8010F5F
:1046C000312918BF9442F3D8681C73180022C0B275
:1046D000DA70022807D8C5F102023044D2B2BDE830
:1046E000704004F0ADBD70BD0146C8E7424B2DE9F6
:1046F000F04F1C6885B00646002C79D04FF00009B9
:10470000DFF8008101E06468A4B1A26831463B4B48
:104710002046002AF7D1B8F80050D4F800C0093D6F
:104720000095DCF80050A847002851D1A1466468E4
:10473000002CEAD1324BB8F800B003F109059B44D4
:10474000AB4503D822E04544AB451FD96B7895F8BB
:104750000080042BF7D1B8F1090FF4D1264B1C6867
:10476000002CF0D04FF00009ABEB050ACDF80CB0EF
:10477000A7682B4601223146204657B16468002CB9
:10478000F6D1DDF80CB04544AB45DFD805B0BDE847
:10479000F08FD4F800C0CDF800A0DCF800B0D84706
:1047A000636868B1B9F1000F0FD0C9F80430F3683D
:1047B000A1466360F460A6601C46002CD8D1E0E7F7
:1047C000A1461C46002CD3D1DBE70B4A1360EEE771
:1047D0006368B9F1000F08D0C9F804300023C4E9B8
:1047E0000136F46005B0BDE8F08F034A1360F5E7C9
:1047F000DFF810809EE700BFA8420020E9380020C3
:10480000E038002018460020C36B2BB11A685449C9
:1048100052688A421DD17047816A0246096B00B511
:10482000087E83B081F82430092810D8DFE800F032
:104830001427354F5E6C8776810508460191FFF796
:1048400055FF0A20474B002201991A70087603B0E1
:1048500000BD01461846104708680123DFF80CC167
:1048600042689CF807C06FF31A4242EA0C42426069
:1048700008460B7603B05DF804EBFFF725BE3A4A15
:1048800002230868B2F802C081F815C0426822F01D
:104890007F0242EA0C024260EAE7344B988893F8C0
:1048A0000FC09A7BA1F81900986842EA0C0293F8AD
:1048B00006C0C1F81E00187C81F81BC09870104318
:1048C000B3F80EC0A3F800C008D00323D0E7274BED
:1048D0001A79032A02D95A79032A36D007230846BF
:1048E0000B7603B05DF804EBFFF7EEBD00200191FD
:1048F000FFF7BAFE1D4B01995A78002A2CD19B78FC
:10490000002BEBD00623B3E701200191FFF7ACFEAB
:10491000164B01999B78002BF4D1DFE7134A08234B
:1049200013485288B2F5006F28BF4FF4006202802E
:104930009EE70E4A0923B2F807208A8398E70220EF
:104940000191FFF791FE0199C8E7D8881A78488449
:1049500022B95A78002AD2D0052389E7042387E7B1
:10496000690000002A460020E0400020E0380020D6
:1049700018460020002835D0F8B5C46806466CB14A
:10498000194D0027236820461B69984723462A684B
:10499000A76064682B605A60002CF3D174682CB156
:1049A0002046A46BFFF712FC002CF9D13068FFF70A
:1049B0000DFC0E490B6893B1002201E0224673B151
:1049C0001C469B68A642F9D152B19360206908B198
:1049D00000F03AFD2046BDE8F84000F003BDF8BD08
:1049E0000B60F3E7704700BFA8420020C0420020E0
:1049F000002A77D15B4ADFF870C1C0F83823C0F8CD
:104A000054C34A7E092A6DD18A7E002A6AD191F860
:104A10001BC0BCF1020F65D838B580F8B023049AEA
:104A20000F2A61D922F00F0C03F11002634403F145
:104A3000100E02E01032724558D012F810CCBCF1C2
:104A4000090FF7D112F80F3C042BF3D112F80C3CEC
:104A5000012BEFD112F80B3C092BEBD112F8093CDA
:104A6000022BE7D812F807CCBCF1070FE2D112F8FD
:104A700006CCBCF1050FDDD112F805CC0CF0F00C22
:104A8000BCF1800FD6D112F804CCBCF1030FD1D108
:104A900012F803CCBCF1010FCCD112F802CCBCF15E
:104AA000000FC7D190F8B0C3BCF1000F4FD112F87E
:104AB0000E3C80F8B13312F80D3C80F8B23312F896
:104AC000093C80F8B33312F8053C03F00F0380F87B
:104AD000B43312F8013C80F8B5330CF1010C80F8C6
:104AE000B0C3A7E700207047002038BD90F8B0336E
:104AF000002BF9D003460022DFF870E04FF4801C51
:104B0000C3F8BC23084683F8B62303F55C71C3F8E9
:104B10007823C3F89823A3F8B923C3F8BF23C3F8B5
:104B20007C23C3F88023C3F88423C3F88823C3F805
:104B30008C23C3F89023C3F8942303F56872C3F859
:104B400070E3C3F874C3FEF745FE012038BD90F84A
:104B5000B14312F80E5CAC42CCD190F8B3439C4206
:104B6000BBD2A8E7C4090020AC090020A006002998
:104B700070B590F8B633044663B100F55E76002553
:104B800056F8040F18B1FFF7F5FE94F8B633013567
:104B9000AB42F5D80023C4F8BC3384F8B633C4F86C
:104BA0007833C4F89833A4F8B933C4F8BF33C4F8E1
:104BB0007C33C4F88033C4F88433C4F88833C4F831
:104BC0008C33C4F89033C4F89433C4F8C333C4F8B6
:104BD000C73384F8CB3370BD10B5044607210C30C1
:104BE00000F03AFC04F5A070022100F04DFC04F541
:104BF0000070042100F060FC04F54070012100F019
:104C000075FC2046BDE81040FFF7F6BB09B390F8ED
:104C1000B6338B421DD34FF0010C10B590F8B92379
:104C200082B00CFA01F4AAB9034680F8B9C30D4862
:104C30000193C3E9DC0103F55C719868FEF7CAFDD6
:104C4000019B93F8C32322EA040283F8C32302B032
:104C500010BD704790F8C333234380F8C33302B0CC
:104C600010BD00BF2303080090F8B6338B422CD34D
:104C7000012210B590F8B93382B002FA01F4EBB911
:104C80000029034680F8B92341F480210CBFA020FD
:104C9000A32003F56772C3F87413C3F8700303F518
:104CA0005C7198680193FEF795FD019B93F8C4230E
:104CB00022EA040283F8C42302B010BD90F8C43382
:104CC000234380F8C43302B010BD704730B50446AA
:104CD00083B0009101F05AFF04F54E7200998A42A8
:104CE00027D004F55573994201D003B030BD94F834
:104CF000BA23002AF9D0531E234493F8BC13082981
:104D0000F3D1A1684FF0000594F8BB0384F8BA53BF
:104D1000497D01930092FFF77FFB009A174904EB4E
:104D20008204019B09220D70C4F8780383F8BC2328
:104D3000DBE794F8CB331D46002BD6D094F8B603AE
:104D4000A0B1012102E0013188420FD301238B4041
:104D50002B42F8D02046CDE90012FFF785FF94F8EA
:104D6000B603DDE9001201318842EFD244F620613A
:104D7000104603B0BDE83040FEF70ABC29460020CB
:104D800070B5C56B05B30024012604E0013495F825
:104D9000B6339C420ED806FA04F2D5F898331A427C
:104DA000F4D021462846FFF75FFF013495F8B6336B
:104DB0009C42F0D92B4605F56671D5F8780301229F
:104DC000BDE87040FEF7AEBD70BD00BF09B390F8FE
:104DD000B6338B421DD34FF0010C10B590F8B923B8
:104DE00082B00CFA01F4AAB9034680F8B9C30D48A1
:104DF0000193C3E9DC0103F55C719868FEF7EAFCF6
:104E0000019B93F8C52322EA040283F8C52302B06C
:104E100010BD704790F8C533234380F8C53302B006
:104E200010BD00BF2301100009B390F8B6338B42C8
:104E30001DD34FF0010C10B590F8B92382B00CFAD5
:104E400001F4AAB9034680F8B9C30D480193C3E938
:104E5000DC0103F55C719868FEF7BCFC019B93F8DC
:104E6000C62322EA040283F8C62302B010BD7047AD
:104E700090F8C633234380F8C63302B010BD00BF9C
:104E80002301110009B390F8B6338B421DD34FF0C4
:104E9000010C10B590F8B92382B00CFA01F4AAB94C
:104EA000034680F8B9C30D480193C3E9DC0103F55B
:104EB0005C719868FEF78EFC019B93F8C72322EA89
:104EC000040283F8C72302B010BD704790F8C733BF
:104ED000234380F8C73302B010BD00BF2301120086
:104EE00009B390F8B6338B421DD34FF0010C10B5C7
:104EF00090F8B92382B00CFA01F4AAB9034680F8FD
:104F0000B9C30D480193C3E9DC0103F55C719868EE
:104F1000FEF760FC019B93F8C82322EA040283F8A1
:104F2000C82302B010BD704790F8C833234380F8FF
:104F3000C83302B010BD00BF2301130009B390F8BD
:104F4000B6338B421DD34FF0010C10B590F8B92346
:104F500082B00CFA01F4AAB9034680F8B9C30D482F
:104F60000193C3E9DC0103F55C719868FEF732FC3C
:104F7000019B93F8C92322EA040283F8C92302B0F3
:104F800010BD704790F8C933234380F8C93302B08D
:104F900010BD00BF2301140009B390F8B6338B4253
:104FA0001DD34FF0010C10B590F8B92382B00CFA64
:104FB00001F4AAB9034680F8B9C30D480193C3E9C7
:104FC000DC0103F55C719868FEF704FC019B93F823
:104FD000CA2322EA040283F8CA2302B010BD704734
:104FE00090F8CA33234380F8CA3302B010BD00BF23
:104FF000230304004B1E034470B5044693F8BC031E
:1050000082B00D46092809D8DFE800F01D1D0A0A04
:105010000A0A0A32054D12F001025CD002B070BDDE
:10502000D60766D50130C0B2072883F8BC03F5D196
:10503000454A117819B945490978002972D00622E4
:1050400083F8BC23EAE7D207E8D5022283F8BC2321
:1050500094F8CB33002B5CD0012229462046AA408D
:10506000134384F8CB3302B0BDE87040FFF7AEBE07
:105070009107D0D529462046CDE90032FFF75EFFE3
:10508000009B0821019A83F8BC1393053DD50122AA
:1050900046F2A81104F5557084F8BB2302B0BDE8B0
:1050A0007040FEF775BA12F00102B7D1CDE90023C6
:1050B00004EB8503D3F878031E46FFF75BFC009AE8
:1050C00029462046C6F87823FFF780FE0122019B7F
:1050D00083F8BC23A2E729462046CDE90023FFF749
:1050E00075FE19480121009A019B027083F8BC13D8
:1050F00094E7012194F8CB2301FA05F522EA050291
:1051000084F8CB2383F8BC1388E7C2F380225200D3
:10511000BEE744F6206104F54E70FEF739FA94F8C4
:10512000CB3399E701211170A94094F8CB2322EAEF
:105130000102294684F8CB2383F8BC032046FFF7FD
:105140002BFF84F8BA5369E7294600202A4600203D
:1051500000222DE9F041864D82B080F8B923044643
:105160004B6B0E8FAB426BD0824DAB4236D0A32B34
:1051700003D10B6B042B00F0B78094F8C313002904
:1051800040F0868094F8C513002940F0BF8094F861
:10519000C613002940F09E8094F8C713002940F000
:1051A000BF8094F8C813002940F0CE8094F8C9134A
:1051B000002940F0D38094F8C413002940F0BA804D
:1051C00094F8CA13002960D091FAA1F12046B1FAEF
:1051D00081F102B0BDE8F041FFF7DEBE94F8B013F4
:1051E000B0F8A233012990F8A503A4F8B63384F8E7
:1051F000B80357D8DBB2002BBFD001252F4614E0EF
:105200005B4884F8B973C4E9DC05A068FEF7E2FAEC
:1052100094F8C33323EA0603013594F8B61394F8DF
:10522000B923A94284F8C3332CD3234604F55C7117
:1052300007FA05F6002AE3D094F8C3333343EBE7CB
:1052400090F8B633B34298D1D0F87833002B94D18C
:10525000012590F8B50394F8B42303212B46CDE93A
:105260000050A068FEF706FF434B01462A46C4F8EB
:105270007803496804F56671C3632346FEF752FB61
:1052800094F8B923002A3FF478AF02B0BDE8F0816A
:1052900091FAA1F12046B1FA81F102B0BDE8F041E6
:1052A000FFF7B4BC94F8B23340F6013194F8B1037F
:1052B00041EA03412346C4E9DC1004F55C71A068AF
:1052C000FEF788FA012294F8B63384F8B923002B4C
:1052D00093D1DAE791FAA1F12046B1FA81F102B057
:1052E000BDE8F041FFF7A0BD002E3FF446AF90F8B7
:1052F000B6339E423FF641AFCB6A31461A68FFF79C
:1053000079FE94F8B923002ABFD136E791FAA1F1CA
:105310002046B1FA81F102B0BDE8F041FFF756BD79
:1053200091FAA1F12046B1FA81F102B0BDE8F04155
:10533000FFF7A8BD91FAA1F12046B1FA81F102B0C0
:10534000BDE8F041FFF790BC91FAA1F12046B1FA17
:1053500081F102B0BDE8F041FFF7C2BD91FAA1F1C1
:105360002046B1FA81F102B0BDE8F041FFF7E6BD99
:1053700023030800A0060029812E0000DFF850C09A
:105380000E490F4A0F4B104810B4DCF80040CCF81F
:1053900000201460D1F800C00C4A04680A60194665
:1053A000C2F800C01A4603F1400C1C601B6442F8AE
:1053B00080CF41F8C02F016010BC70479C41002095
:1053C00074410020E0200020AC420020802000201A
:1053D000A0410020024B186808B102681A607047AB
:1053E000A0410020024B1A6818600260704700BF9D
:1053F000A0410020024B186808B102681A6070478B
:105400009C410020024B1A6818600260704700BF80
:105410009C410020024B186808B102681A6070476E
:10542000AC420020024B1A6818600260704700BF4F
:10543000AC420020034B186818B1016800221960C3
:1054400002607047A4410020024B1A681860026095
:10545000704700BFA441002001EB810100EBC101B6
:1054600088420DD2DFF81CC0DCF8002000E01846AE
:10547000034643F8282B99420246F8D8CCF800009E
:10548000704700BFA041002001EB410100EB41113A
:1054900088420DD2DFF81CC0DCF8002000E018467E
:1054A000034643F8602B99420246F8D8CCF8000036
:1054B000704700BF9C41002000EB811C604511D269
:1054C000024610B5084C4FEA811E2168134643F886
:1054D000401B9C4511461A46F8D8AEF140010844DD
:1054E000206010BD704700BFAC420020352303FB95
:1054F000010188420DD2DFF81CC0DCF8002000E07A
:105500001846034643F8352B99420246F8D8CCF8A2
:1055100000007047A4410020C36B33B1C26A596BCD
:105520008A4203D0996B8A4204D07047002283F8E4
:105530004E207047002283F84F2070470023C0E9B7
:105540000333704710B5C28F82B090F84E100346F7
:10555000144631B993F84F1001F0FF0299B902B027
:1055600010BD01F0FF02A108019380F84E109200D7
:10557000416B0069FEF7D6F9019B93F84F1001F0DB
:10558000FF020029EBD0A008996B920083F84F002E
:10559000186902B0BDE81040FEF7C4B9012A02D173
:1055A0001A78092A01D0002070475A78042AFAD1C3
:1055B00070B50E4682B059790446069A01291A44FC
:1055C00074D00239102928D909334FF0000E9342C4
:1055D000A0F850E021D27546187803281DD903EBB6
:1055E000000C944519D859780439212915D8DFE8D9
:1055F00001F017431414141414171414141414146D
:10560000141414141414141414141414141414145A
:105610001414393FBEF1030F0CD0002002B070BD4E
:10562000002DFAD094F8502022B1A38FB4F8461080
:10563000994260D20023E36094F8512022B1E18FB7
:10564000B4F846308B426DD2002323610023E26818
:10565000C4F84A30C4F85530A4F87C31002A45D04B
:105660000120DBE7997804292ED80029D5D001251F
:105670009445D5D26346AFE70628CED9D97802390A
:105680000129CAD8997811F0F00023D08028C4D11C
:1056900094F850000028EBD101F00F0184F850106D
:1056A000D97884F852109B88A387E1E793F806E045
:1056B000093300219A42A0F85010ABD9AEF103058E
:1056C000B5FA85F56D0987E7F129A6D1DB78022BBC
:1056D000CDD0A2E794F851000028C9D184F8511028
:1056E000D97884F853109B88E387C1E72069801A32
:1056F00018BF012092E70021009330460123019159
:1057000094F85210FEF7B6FCE060002894D00F4ADF
:105710002346216BC263A28FFEF704F9012384F8AC
:10572000443089E700233046CDE9001394F8531044
:10573000FEF7A0FC2061002888D00023044AC26341
:1057400084F84E3084F84F3080E700BF4D390000B8
:105750001936000010B50446032100F5F070FFF77C
:1057600093FE04F540700721FFF7A6FE04F598604C
:105770000121FFF7BBFE00232046C4F84A30C4E9EC
:105780006033C4E96233C4E96433C4E96633C4E90D
:105790006833C4E96A33C4E96C33C4E96E33C4E9DD
:1057A0007033C4E97233C4E90333BDE81040FEF737
:1057B00023BE00BF034688680A6BC0F30E40B3F8EF
:1057C0004A10A2EB000C5FEA9C0C30B5B3F84C40D9
:1057D00083B014D01A6B043A02EB8C0C52F8040F0D
:1057E00058B10131B3F848E08E454FEA810E01D837
:1057F00000218E461D6C45F80E006245EED18C42AC
:105800008E46A3F84A10A3F84C400AD9013C9A8F5F
:10581000611AB1EB920F0DD2002283F8442003B03D
:1058200030BDB3F848202244013A511A9A8FB1EBA7
:10583000920FF1D3196BD8680193FEF773F8012228
:10584000019B83F8442003B030BD00BFC36B1BB184
:1058500001461846FFF7AEBF704700BF0269002A35
:1058600062D0034600B58E46C18F85B0890872B6F6
:1058700090F84EC093F84F2061455FFA8CF0D2B299
:1058800021D97AB391422DD9986B039140F822E047
:10589000013203F1140083F84F200090CDE901326A
:1058A000FDF7E4FEDDE90221DDE90003914233D991
:1058B000802940F2DC532CBFC8211946FDF768FE51
:1058C00062B605B000BD9142DED862B672B693F8FA
:1058D0004EC093F84F2061455FFA8CF0D2B2F2D9F6
:1058E000002ACFD15A6B039142F820E0421C03F109
:1058F000140083F84E200090CDE90132FDF7B6FE8A
:10590000DDE90221DDE900039142D1D88A0018695E
:10591000596BFEF707F8D3E78A001869996BFEF711
:1059200001F862B605B000BD704700BF2DE9F04335
:10593000034683B072B690F84400B3F84AE0B3F877
:105940004C2062B6964571D00132B3F84850C0B2CF
:1059500095424FD9940094460E46196C0C59A3F801
:105960004CC0A0B9D86890B1724500F28D80013D5D
:10597000A5EB0E0515449A8FB5EB920F07D30121C5
:10598000009383F84410196BFDF7CCFF009BC4F320
:10599000031104F00F05C4F30322270A83F85410FF
:1059A000A5F108010132062929D8964201D0002E1E
:1059B0003CD1082DC4F303316AD1082968D1802174
:1059C000D3F8806183F85610C4F30741D0B2250E96
:1059D00088462EB101932A460090B047DDE90003C6
:1059E00083F8550083F8578083F85850012003B09E
:1059F000BDE8F0834FF0000C64466246ACE7A91E98
:105A0000F8B20129804619D9A5F10501F028B1FAAB
:105A100081F14FEA511189460CD8042D00F0C08164
:105A2000691F022977D90F2D00F0D380002003B021
:105A3000BDE8F0830029F0D0F7286CD0A8F1F1017F
:105A40000E29F3D801A050F821F000BFC93D000095
:105A5000D93D00005D3D00002D3B00002D3B0000C6
:105A6000773D00002D3B0000193D00002D3B00005C
:105A70003B3D0000FD3D00001F3E00002D3B0000AF
:105A8000853D0000A73D0000A2EB0E02551E72E707
:105A9000092D17D1092915D1C4F30741250ED0B21C
:105AA000884600F087809022D3F88441EDB283F8D5
:105AB0005620002C94D001932A460090A047DDE99F
:105AC00000038DE70A2D05D10A2903D1A021D3F8BF
:105AD000886177E70B2D05D10B2903D1B021D3F8CD
:105AE0008C616FE70C2D40F02D810C2940F02A814C
:105AF000C021D3F8906183F85610C4F30741D0B2A7
:105B0000250E8846002E3FF46BAFCDE90003B04769
:105B1000DDE9000364E7D3F89C61B3F87C11002E43
:105B200000F03881B1F5917FC0F03881002203F197
:105B300059000093B04700210122009B1944A3F8AB
:105B40007C2181F85970B8F1F70F03D0B9F1000F3B
:105B50007FF46CAF052DD3F89C61B3F87C1116D09F
:105B6000002E00F05281B1F5917FC0F0BB81002280
:105B700003F159000093B047009B220C072DD3F886
:105B80009C1183F859200E4600F0CA8101210A0AAF
:105B9000002083F8571083F85820F022A3F87C01E6
:105BA00083F85620002E00F04181012203F15900B4
:105BB000B0471BE78022D3F8804183F85620002CA1
:105BC00000F0158101932A460090A047DDE900030B
:105BD00006E7B8F1F70F3FF631AFB8F1F00FB3F8C1
:105BE0007C1102D000293FF421AFD3F89C41002C56
:105BF00000F05581B1F5917FC0F05581002203F18D
:105C000059000093A04700210122009B1944A3F8EA
:105C10007C2181F8597009E7D3F8B4114FEA144890
:105C2000002900F0E680CDE900238847DDE9002364
:105C30001046250E83F85670D2E6D3F8B8114FEA15
:105C400014480029EFD1D3F8CC110029F0D0FA2064
:105C5000CDE900238847DDE90023E9E7C4F30740E5
:105C6000D3F8AC1180460029E2D0CDE90023884763
:105C7000DDE90023DCE7D3F8B0114FEA144800292E
:105C8000D1D1D5E7D3F8C4114FEA14480029CAD1BD
:105C9000D3F8CC110029CBD0FE20CDE900238847D2
:105CA000DDE90023C4E7D3F8C8114FEA14480029FE
:105CB000B9D1D3F8CC110029BAD0FF20CDE9002307
:105CC0008847DDE90023B3E7C4F30740D3F8A41104
:105CD00080460029C9D1ABE7210CD3F8A8518846EA
:105CE000002DA5D0600C01F07F0100F47E50084328
:105CF000CDE90023A847DDE9002399E7D3F8BC11DB
:105D00004FEA144800298ED1D3F8CC1100298FD046
:105D1000FB20CDE900238847DDE9002388E7D3F89D
:105D2000C0114FEA144800297FF47DAFD3F8CC119D
:105D300000293FF47DAFFC20CDE900238847DDE951
:105D4000002375E70D2D05D10D2903D1D021D3F8FE
:105D50009461D0E60E2D7FF469AE0E297FF466AE15
:105D6000E021D0B2D3F89861220C250E83F85610AA
:105D70009046002E3FF434AE610C02F07F02019396
:105D800001F47E5100901143A1F50051B047DDE9C7
:105D9000000325E6B1F5917FBFF4D5AE4A1CCDE6F0
:105DA000D3F89C51B3F87C21002D7ED0B2F5917FC1
:105DB00061D2501C991880B2B0F5917FA3F87C0194
:105DC00081F8597044D002324FEA144C240E91B23B
:105DD0001A18B1F5917FA3F87C1182F859C02ED022
:105DE00002301944A3F87C0181F859401EE625468B
:105DF000F6E5D3F8CC1100293FF41AAFF820CDE92D
:105E000000238847DDE9002312E7B1F5917FC0F058
:105E1000AE80072D00F093800A0AF02083F8571017
:105E2000A3F87C6183F8582083F85600D3F8A021AA
:105E3000002A3FF4DBAD03F159009047D6E503F1AA
:105E4000590000220093A84700210120009BC8E7C9
:105E50000146002203F159000093A847009B200C43
:105E60000121D3F89C21240EA3F87C1183F859005A
:105E70009AB10020B4E7114603F1590000220093C3
:105E8000A847009BD3F89C2183F85970002A40D181
:105E9000220C0221240E83F85A20481CA1E7B1F5F8
:105EA000917FBFF4C3AD4A1CB0E6B2F5917FBFF459
:105EB000BDAD501C991880B2B0F5917FA3F87C015C
:105EC00081F859703FF4B2AD911C1844220C89B28C
:105ED000B1F5917FA3F87C1180F859203FF4A6AD6D
:105EE000240EDAE7481C220C1944072D80B2A3F8CF
:105EF0007C0181F859202ED00022040A014683F843
:105F00005700A3F87C21F02283F8584083F85620EC
:105F10004BE6220C0221240E012083F85A205FE771
:105F20000120411C240E184489B280F85940D3F84E
:105F30009C2116462BE6B0F5917FF2D101460A0A64
:105F40000024F02083F8571083F85820A3F87C41F0
:105F500083F856006AE7B0F5917FE2D1014600224E
:105F600003F159000093B0470020009BD9E7481C7B
:105F7000220C1944072D80B281F85920DBD0040A85
:105F8000F022014683F8570083F85840A3F87C615B
:105F900083F856204AE700BF01207047B0F846302A
:105FA000B0F848209BB292B2934202D2013AD01A82
:105FB0007047416B01390A44D01A7047016972B6C3
:105FC000B0F84A20B0F84C3092B29BB29A423CBF33
:105FD000806B1218C86AD31A62B6C0F30260184404
:105FE000704700BFB0F84A100246B0F84C3089B292
:105FF0009BB2994210D00133906B116B984298BFBD
:106000000023994203D9126AD05CC0B270475B1A70
:10601000526AD05CC0B27047D0F810C072B6B0F807
:106020004A0080B2814201D062B6E4E7DCF82C304D
:1060300013F0E06F03D14FF0FF3062B67047DCF829
:106040001C0000214FF0010C136AC0F30900A2F8F4
:106050004AC0A2F84C105870EFE700BFB0F84AC031
:106060000146B0F84C301FFA8CFC9BB29C4525D001
:10607000013310B5D1F838E09E4515D90A6B1C469E
:106080009A4216D90A6AD25CD0B28A6DA1F84C4005
:106090004AB19C451DD3ACEB0303CC6B9C4202D3AD
:1060A000CB6DC2F8883010BD00240A6B23469A429B
:1060B000E8D8486A9A1A825CD0B2E6E7624600697C
:1060C00072B6B1F84AC01FFA8CFC624505D062B6C0
:1060D000CEE7E644AEEB0303DFE7C36A13F0E06FFD
:1060E00003D14FF0FF3062B67047C069C0F30900BA
:1060F000F9E700BF90F8443043B110B5044602F010
:10610000D9F894F84430002BF9D110BD704700BF86
:1061100038B54369D3E90312096811422DD00169EA
:10612000044690F844200D4632B102F0C3F894F8CA
:106130004430002BF9D163690021104AA961207E07
:1061400003EB0010007D02EB0010D0F804C0052026
:10615000CCF8000094F819C003EB0C1393F834301A
:1061600002EB0312A36D52681060A4F84A10A4F861
:106170004C1013B1E26DC3F8842038BDA005002097
:1061800007EE901A9FED947A0421B6EE005AF8EECD
:10619000677A9FED926A41F6FF7CC7EE275A2DE998
:1061A000F04315468E460122046907EE901AF8EE78
:1061B000E77A85EEA77A77EE057AFDEEE77A17EEB5
:1061C000903A6345A8BF6346012BB8BF012307EE91
:1061D000903AF8EEE76A76EEC76AC6EE877AF5EE91
:1061E000C07AF1EE10FA01D5F1EE677AF4EEC67AD4
:1061F000F1EE10FA03D8B0EE676A8E461A46013106
:106200002129D2D141690023866BB1F85870A0F8DA
:106210004A30F71BA0F84C30A0F84630C763B1F8FD
:106220005A70A0F84830F61B80F844300664D1E973
:1062300003763B683343AE053B60C5F3402383766A
:1062400000F1A580077EDFF8C08101EB0717644BE2
:1062500097F814C0D7F81C9008EB0C1CDCF8086009
:10626000DCF804C03360BB69CCF80030B9F1000F32
:1062700002D03F6AC9F80070477ED92301EB0717A7
:1062800097F834C008EB0C1CDCF808603360BF6B77
:10629000DCF804301F60437E01EB0313DF6B0FB1AA
:1062A0001B6C3B60BEF1080F0EF1FF3CCCBF4FF002
:1062B000000E4FF0010E42EA4E434FEA0C6202F02C
:1062C000F8521343002223614B7849681033E2608F
:1062D000444A42F8231042694FF0010E424905F04A
:1062E000030C5778B2F85620404B7A544FF00217FF
:1062F00041694A7803EB521302F01F029B000EFA29
:1063000002F21A60E762A36A43F08803A3626B0794
:1063100034D44CF47013AF06827E2AD543F08053F8
:10632000002A3CD12E07A36103D5236943F0005313
:1063300023616369EA0654BF23F0805343F080531E
:106340006361EB0503D5236943F4005323618B6834
:106350006BB1274D2C78002C3CD0264B03EB8401ED
:1063600001E08B422AD053F8042F9042F9D1BDE8C6
:10637000F083002AD6D043F0A003D3E705F00F0343
:10638000042B14BF1C4B1D4B4CEA0303C3E7477E91
:106390004FF2D903DFF8708001EB071770E7427EF8
:1063A00043F0A00301EB021292F8342008EB02162E
:1063B000B668326822F440423260B3E7611C104A8A
:1063C000104B297043F82400137843F00203137034
:1063D000BDE8F0830121F2E7001BB74BEC78AD601C
:1063E00038F00100001C002000E400E040380038D4
:1063F00028460020DC21002010003C0010003C401A
:1064000039460020E0210020A0050020EFF3138092
:10641000B8B9EFF310834BB9EFF305823AB94FF4F3
:106420008073EFF3118050B1984208D270470F2A61
:1064300002D8EFF311827047034B9B5CF1E71846DB
:1064400070474FF0FF30F1E7F0E300E0036D2DE916
:10645000F04188460446066913B1426DC3F88420B2
:10646000A37E2BB172B6B36943F00053B36162B639
:10647000B4F84650636BADB20135AB424CD800273F
:106480003D46B4F848309BB29D4219D029E073696B
:106490001B0210D5B4F84830626B9BB201339A42AC
:1064A00037D91A46E16A99422ED9E169CB5CDBB251
:1064B000F361A4F84820B4F848309BB2AB4210D145
:1064C000FFF7A4FF6369B3F856308342DFDAB0F513
:1064D000807FF0D101F0EEFEB4F848309BB2AB42C1
:1064E000EED0E26AAA4219D9E26902F8058072B6D2
:1064F000012084F84400A4F84670B36943F4000313
:10650000B36162B6BDE8F0815B1AA16ACB5CDBB215
:10651000CEE700221346C5E72F46B2E7AD1AA26ABE
:1065200002F80580E3E700BFFFF790BF02695369F7
:1065300013F4401F70B537D0D36A13F0E06FC3F384
:10654000026E2ED0B0F84A40B0F84C30A4B29EB2E1
:10655000D2F81CC0631CB0F84C10856BCCF3090C4E
:1065600089B29D4298BF0023994208D0016B99429D
:10657000A3EB010166D9016A01F803C01C460EF1C4
:10658000FF3313F0FF0EE3D1836DA0F84A4043B10F
:10659000B4425BD3A41B016CA14202D8C16DC3F805
:1065A00084105369DD0248D4D2F818E01EF4000FBD
:1065B00028D053691C0225D5B0F846C0B0F8483041
:1065C0001FFA8CFC9BB206E0C169C95CC9B2D161FB
:1065D000D16A490512D463453CD0446B0133C16A8A
:1065E0009C4298BF00239942A3EB0104ECD8816A36
:1065F000095DC9B2D161D16A4905ECD56345A0F8FE
:10660000483029D01EF4800F16D053695B0213D591
:106610000021036D80F8441013B1416DC3F8881058
:10662000837E2BB172B6936923F00053936162B6F7
:10663000936923F48003936170BD536943F480131D
:106640005361B1E7446A04F801C097E7816B891B85
:106650000C44A0E7A0F84830936923F40003936149
:10666000936943F480039361CCE700BF0148FFF7CF
:106670005DBF00BF60150020084601F08BBD00BF64
:10668000012A70B508BF0A228AB005461E4659B3D2
:106690004FF0210C01E05FFA84FC0CF1FF34B1FBF8
:1066A000F2F302FB131EBEF1090F0EF1370098BF83
:1066B0000EF130000DEB0C0E914219468EF80400DD
:1066C000E9D23EB10CF1FF3C2D225FFA8CFC0DEBC0
:1066D0000C031A712B6801A9CCF1220228465B68D1
:1066E000614498470AB070BD30234FF0210C8DF8FB
:1066F0002530E6E72DE9F0410C46D1B1EAB18046FC
:106700008F1800250E4E04E001F044FDBC42054404
:106710000CD0D8F8003014F8010B1B68B342F3D04A
:10672000014640469847BC420544F2D12846BDE8A0
:10673000F0810D462846BDE8F0811546F6E700BF1A
:1067400079470000002903DB00230A22FFF798BFE6
:1067500049422D230A22FFF793BF00BF00B503680B
:1067600083B040F60D2C022201A95B68ADF804C08D
:10677000984703B000BD00BF044B022888BF034602
:10678000D3F800C01846DCF8043018475015002034
:106790000EB400B582B003AA52F8041B019202F0B5
:1067A00077FC02B05DF804EB03B0704742B90368B0
:1067B000C9B2054A1B68934204D1084601F0EABCFD
:1067C000FFF75EBF184700BF79470000A94AAA4BF0
:1067D00090422DE9F047A94CD3F814E09969D4F818
:1067E0000CC000F2088103F1437303F5F453033343
:1067F000A3FB0023DB0D03EB830303EB830202F215
:10680000B63240F227639A4228BF1A469C4BA3FB3C
:106810000232D208203A984D0CF01F04D5F880308F
:10682000944243F0C003C5F880300BD22CF01F0C0B
:10683000924C4CEA020CC4F80CC02368002BFCDA22
:106840000CF01F041EF0007327D18E4D2E698E4D63
:10685000B54300F0FA8081F4805576464FF48057B6
:1068600016F0605F06D02EF0605E4EEA030E824B9B
:10687000C3F814E015F4405F07D021F440517E4D79
:106880003943A961AB6C1B07FCD44EF0007E7A49FA
:10689000C1F814E08B6C9F06FCD47C49884200F25E
:1068A000DF80012635460EE0082D0CD1042E00F2C3
:1068B00091800136022506FB00F38B4200F2C38073
:1068C0005B008B4206D8013506FB05F300FB03F3A2
:1068D0008B42E9D9771E05F1FF384FEA872A8EEA05
:1068E00087276B4959186B4B99427CD9DFF8E491A3
:1068F0006C2369486349B0FBF5F0684DB0FBF6F0D6
:106900000E6835404D4508D043F400534FF4805590
:106910000D600B600B68002BFCDA57490B6903F024
:106920000703434504D0C1F810808B6CDE03FCD410
:1069300017F4E05F0BD02EF4E05E0AF4E0534E490A
:1069400043EA0E0EC1F814E08B6C9D07FCD4544D45
:10695000544945198D4239D8534BED09A3FB0535F0
:106960002D0B6B1E1B028EEA030111F4407F07D032
:106970002EF4407E03F440733F4943EA0E034B611B
:106980003D494B6923F000734B618B6C9B06FCD433
:10699000464BA242A3FB00134FF0FF314FEA934353
:1069A000B0FBF5F5B1FBF3F34149086041490D60D7
:1069B00041490B6008D22CF01F0C30494CEA02020E
:1069C000CA600B68002BFCDABDE8F0874FF4407317
:1069D0000425C8E7771E2E494FF007084FEA872A9B
:1069E00059188EEA8727294B99421CD8DFF8E8907E
:1069F000362332487EE7324B984201D80E220AE70E
:106A0000304B984228D9304A904227D9821A2F4BCE
:106A1000120AA3FB0232D20902EB820202EB8202CB
:106A200002F2E242EDE6A3F182532948DFF8AC908E
:106A3000A3F589337E3BA3FB01310B0D03FB00F073
:106A400043EA090956E7012544E71F468EF0C05680
:106A50000D464FF0C05303E70F22DCE61222DAE6C0
:106A6000012603464FF0000A77464FF000083546EE
:106A700037E700BF001C4E0E00C00F40000008406A
:106A80001F85EB5100800D4040300080FFB19F26F4
:106A9000808D5B00FF7EF64D00643F4D7F300180AE
:106AA0007FD1F0087F17B42C9F10E50083DE1B43D5
:106AB0004C15002048150020F045002000B29F260C
:106AC000FF0A6B1B00A4781F0046C32323B24C00AF
:106AD000001BB7006C200080362000800020008062
:106AE00000B970472DE9F84F01218146224C234E11
:106AF000234D54E8003F3268286844E80013002B17
:106B0000F7D120494B684FF47A7BDFF87CA01B1A41
:106B100001270BFB02F8DAF80020A2FB03235B45F8
:106B200094BF9844D84454E8003F3268286844E849
:106B30000073002BF7D14B68DAF800C01B1A0BFB6F
:106B400002F2ACFB03C3B3F57A7F94BFD21802F50F
:106B50007A72A2EB0802B2F57A7F08D3B9F1010F7D
:106B600008F57A7809F1FF39DDD1BDE8F88F01F039
:106B7000A1FB0449D7E700BF00460020FC450020E8
:106B8000F8450020001000E0F045002010B50F4B44
:106B90004FF0010C0E4CDFF844E053E8002F206862
:106BA000DEF8001043E800C2002AF6D1094B5B680A
:106BB000094A5B1A4FF47A71126801FB00F0A2FBDC
:106BC00003238B4294BFC018401810BD004600201C
:106BD000FC450020001000E0F0450020F8450020B2
:106BE000362831D802011B4B012903EB00109B58BA
:106BF00000B55A68D0E902EC12D0042910D022EA7C
:106C00000C025A60C9B102291FD003294FF01502A6
:106C10000CBF114B114BCEF8003043681A6000BD19
:106C200042EA0C0201295A6007D040F63803CEF838
:106C30000030436815221A6000BD38231522CEF8B3
:106C4000003043681A6000BD7047054BCEF8003035
:106C5000EFE700BFA0050020383001003800010038
:106C600038F0010008B5FCF72FFBFCF755F801F0F0
:106C700021FBFAE7844641EA000313F003036DD1D8
:106C8000403A41D351F8043B40F8043B51F8043BEF
:106C900040F8043B51F8043B40F8043B51F8043BF6
:106CA00040F8043B51F8043B40F8043B51F8043BE6
:106CB00040F8043B51F8043B40F8043B51F8043BD6
:106CC00040F8043B51F8043B40F8043B51F8043BC6
:106CD00040F8043B51F8043B40F8043B51F8043BB6
:106CE00040F8043B51F8043B40F8043B51F8043BA6
:106CF00040F8043B51F8043B40F8043B51F8043B96
:106D000040F8043B403ABDD2303211D351F8043B35
:106D100040F8043B51F8043B40F8043B51F8043B75
:106D200040F8043B51F8043B40F8043B103AEDD2E4
:106D30000C3205D351F8043B40F8043B043AF9D235
:106D4000043208D0D2071CBF11F8013B00F8013B08
:106D500001D30B8803806046704700BF082A13D315
:106D60008B078DD010F003038AD0C3F10403D21A2D
:106D7000DB071CBF11F8013B00F8013B80D331F861
:106D8000023B20F8023B7BE7043AD9D3013A11F8E1
:106D9000013B00F8013BF9D20B7803704B7843704C
:106DA0008B7883706046704701F1FF3C70B5664692
:106DB0004FF0000E01E00EF1010EB0FBF2F402FB09
:106DC0001403092B03F1370598BF03F130059042F6
:106DD000204606F8015FEED201EB0E0300225A7046
:106DE000BEF1000F11D0481C70440CF102021CF8D7
:106DF000014F10F8015DA1EB0C03521A8CF8005002
:106E0000013B047073449A42EFDB084670BD00BF3B
:106E100010B500234FF470440F224FF4806EA0F899
:106E20008C411946A0F88E214FF46044A0F89031AF
:106E30000A46B0F8883148F2B82C43F0F003A0F8C5
:106E4000883101EB4103013100EB431304299C809D
:106E5000A3F806E05A841A865A805A81A3F80EC015
:106E60005A82DA825A83DA83EBD1B0F8883143F060
:106E70000F03A0F88831B0F8883143F47063A0F8AC
:106E8000883110BD374B384A996F384841F47F013B
:106E900070B5996741F20106D3F8801045F6C055E8
:106EA00043F226040A43C3F88020FFF7B1FF00F540
:106EB0008040FFF7ADFF00F58040FFF7A9FF00F528
:106EC0008040FFF7A5FF0022A0F503104FF00F0E42
:106ED000114600EB42134FEA421C01329981042A09
:106EE0005981A3F80EE09E82DD8020F80C101982F3
:106EF0009C81EED100221E484FF00F0E41F2010698
:106F0000114645F6C05543F2260400EB42134FEA02
:106F1000421C01329981042A5981A3F80EE09E8215
:106F2000DD8020F80C1019829C81EED100221148DE
:106F30000F2641F20105114645F6C05443F2260ED4
:106F400000EB42134FEA421C01329981042A598115
:106F5000DE819D82DC8020F80C101982A3F80CE001
:106F6000EED170BD00C00F40000003FC00C03D40EA
:106F700000001E4000401E4072B6EFF30583524CE5
:106F8000C4F884301EF0040F0CBFEFF30882EFF357
:106F900009824FF0E0234D4DD3F8280DD3F82C1D76
:106FA000C4E92201D3F8341DD3F8383DC4E92413D1
:106FB0009369A83444F8103CD36944F80C3C00F0C1
:106FC000CDF804ED020A01F015FA0B2344F8040C85
:106FD0004FF0FF323E4844F8283C2B68202104350E
:106FE0005A4042F30003013903EA000383EA5202E4
:106FF000F7D1A542F1D1344BC3F8A820BFF34F8F8E
:107000004FF0E0233149334AC3F8701FC3F8702FA3
:10701000BFF34F8FBFF36F8F2F4A02242F48D36ED9
:107020002F4943F44053D3660460D3692D4823F0BD
:107030007F0343F04003D3610B68834240D8274D60
:1070400000204FF0E0234FF0FF3228600121C5F807
:10705000080125480C460E46C5F80001C5F8081180
:10706000C3F88021C3F88421C3F88821C3F88C2198
:10707000C3F8902101E000F071F9D5F80C31002B34
:10708000F9D04F2CC5F80C6104F10104F3D9174B6A
:10709000022017494FF00042C1F840015A63D5F869
:1070A0000C313BB9134814490C4A0163D2F80C3136
:1070B000002BFAD04FF0E023104AC3F80C2DFEE766
:1070C000FFF784FBBBE700BF00FF272080FF2720DE
:1070D0002083B8EDA0FF272000C00F4000400840EB
:1070E0004C150020803DCD0B009F240000900D40EA
:1070F00000002E4000800F40F100AD0B0400FA05A7
:10710000094A08B50346106823B1034407498B4276
:1071100001D8136008BD02F079F90C2203464FF044
:10712000FF301A6008BD00BFC015002000002820F5
:10713000002070474FF0FF30704700BF4FF40053FE
:1071400000204B60704700BF012070474FF0FF30B8
:10715000704700BF30BFFDE7FFF70EBF124AD2F8FD
:1071600080305B07FBD5D2F880301048C3F30B2387
:107170000F4990ED007A07EE903A91ED006AB8EE73
:10718000477A0C4AF8EEE77A0B4BD2ED006A77EEBD
:10719000C77A93ED007AB8EE477A67EE867A87EE83
:1071A000A60A37EE400A704700810D40E0450020F6
:1071B000E8450020EC450020E4450020836B70B5D5
:1071C00086460E4610461BB1536843F40043536095
:1071D00072B6DEF8342042B31B4B1060D3F8B021F6
:1071E00032421ED1194C656805E06268A2EB050CBD
:1071F000BCF5166F0BD2D3F8402142F48042C3F89D
:107200004021D3F8B811D3F840215204EDD53140D4
:1072100007D10D4ACEE90201D2F8B0313343C2F8AA
:10722000B031CEF8340062B670BD0749CEE9020233
:10723000D1F8B0313343C1F8B031CEF83000CEF8D8
:10724000340062B670BD00BF00002E40001000E0A8
:1072500070B5056B95B12B46002403E01B68013423
:10726000012B0CD05A681206F8D5036306462CB1E0
:107270002846B36B2D689847013CF9D170BD0022B8
:107280000023C0E90C23F1E700B501BBDFF8A0C083
:10729000234B0021234A4FF0010E4FF0011099605B
:1072A000C3F800E0CCE902314FF0800CC3F804C011
:1072B000C2F8BC01D2F8B0311B4843EA0E03C2F851
:1072C000B0310160D2F8B031002BFBD100BD090410
:1072D000164BDFF85CC04FF0010E41F08001986062
:1072E000104A596000F58051C3F800E0D96000F5FC
:1072F0000051CCF84830196100F5405100F580404C
:10730000596100219861CCF84C10D2F8B03143F4A7
:107310008033C2F8B031D2F8B031002BFBD1B7E7DF
:107320000022002000002E40644400202022002083
:1073300000000020074901220B78824023EA020363
:107340000B7033B9044AD2F8483123F08003C2F8F5
:10735000483170473146002000002E402DE9F047AB
:10736000A64C82B0D4F84461F107C4F844614CD50E
:10737000D4F8AC31002B43D0A14DA24FDFF8B88236
:10738000C4F8AC31D5E90A20D4F8403143F40053B5
:10739000C4F84031D4F840319B04F5D5D4F84031DD
:1073A0004FF0011123F40053C4F84031C4F8B41174
:1073B000D4F8B43113F00113FAD191B284463B6092
:1073C000B1F5086F00F03A8100F2958040F2023E7C
:1073D000714500F0928100F2A480822900F0E181E1
:1073E000B1F5817F00F0B381802940F09580864817
:1073F00002210380FFF748FFD4F8AC31002BBFD146
:107400007E4AD2F8BC31002B42D1720616D57B4B96
:10741000D3F8AC21C3F8AC21D3F8BC21C3F8BC210C
:10742000D3F8B041002CFBD14FF0FF32C3F8B421A8
:10743000D3F8843100F046FD744B1C60F40103D591
:10744000734B1B6803B19847B00103D5714B1B68A0
:1074500003B19847710708D5684BD3F8843113F40A
:10746000007345D06C4B01221A70644BD3F848313D
:107470001A060AD5330608D5684A13782BB1013BA2
:10748000DBB21370002B00F06D8202B0BDE8F08714
:107490005C49C2F8BC310868034240F098815B4AFD
:1074A00012681340B1D01C0C554D1FFA83F810D050
:1074B00094FAA4F7B7FA87F705EBC7104030FFF747
:1074C000C7FE012303FA07F7BC43F1D1B8F1000F5F
:1074D0009BD0012798FAA8F4B4FA84F405EBC41001
:1074E00007FA04F4FFF7B4FE38EA0408F2D18CE797
:1074F000494A1370B9E742F2212E71455AD049D852
:10750000B1F5106F00F0A28042F2210C614503D169
:10751000010C072900F08C814FF00113C4F8C03131
:107520006AE7B1F5A06F00F0CA80A1F5D06101292A
:10753000F2D83B4B59680029EED01FFA8CFE120C92
:1075400003E019690C330029E6D0B3F800C0944574
:10755000F7D1B3F802C0F445F3D14FEA122C000C76
:10756000BCF1030F00F0CB811B89834228BF034687
:10757000B2F5007F9A4640F09A81274B1B78002B8A
:1075800040F0EE81274952462748DFF89C90FFF7EC
:1075900071FB9EE142F22133994214D04FF6C003B1
:1075A0009942B9D183B2FF2BB6D843F46E4363F34B
:1075B0000F0CBEE780B230B91C4B120C19681C4B83
:1075C00019601C4B1A700023C5F84880EB64C8F89A
:1075D00008300123C8F800308023C8F804304FF089
:1075E0000113C4F8BC31D4F8B03143F48033C4F88B
:1075F000B031D4F8B031002BFBD1FDE600002E40B5
:107600000000002064440020A845002068440020B9
:10761000104600201446002037460020384600203F
:10762000980B00202C1E006000002020FC4500204C
:107630000C4600203546002000220020B34B0121DB
:10764000B3481B780370FFF71FFED5E6AF49120C55
:1076500001930A70AF4AC4F8C821AF4AC4F8CC21DC
:10766000AE4AC4F8D02100F02FFC80220199AC482A
:1076700001F0E6FDAB498022019BA9644A60AA4A59
:10768000EB64C5F8A02002F13C428B6002F56C224D
:1076900002F56F72C5F8E02001220A604FF0011276
:1076A000C4F8BC21D4F8B02142F48032C4F8B0212F
:1076B0009E4A3B60D2F8B031002BFBD19CE6994941
:1076C000EB648B600123A9640B6080234B604FF057
:1076D00001139649C4F8BC31D4F8B03143F4803377
:1076E000C4F8B031D1F8B031002BFBD1130C5B06DC
:1076F00043F08073C1F854317EE610F0780F7FF4C8
:107700000BAF00F07F028A4B000653F822104CBFEB
:1077100041F4803141F0010143F822100021814BF6
:10772000E96499600121AB64196080217F4A596046
:107730004FF00113C2F8BC31D2F8B03143F48033BA
:10774000C2F8B031D2F8B031002BFBD154E610F0C2
:10775000780F7FF4E1AE00F07F02754B000653F81E
:1077600022104CBF21F4803121F0010143F8221096
:1077700000216C4BE96499600121AB6419608021A0
:107780006A4A59604FF00113C2F8BC31D2F8B031E7
:1077900043F48033C2F8B031D2F8B031002BFBD1C2
:1077A0002AE610F078037FF4B7AE00F07F01604A5C
:1077B000000652F82110564A138036D5C90301D568
:1077C0000123137002215248FFF75EFD14E60020EA
:1077D000086058490C88486842F221018C427FF4C5
:1077E0005EAE80B200287FF45AAE5349534C03C9B1
:1077F000A18086284FEA11412060A1717FF44FAE2D
:1078000072B64F48017841F008010170D2F8481172
:107810000D0605D480200143C2F84401C2F8481186
:1078200062B6484A5021117039E6CB07CAD5C7E77E
:107830004049EB60444BC1E900200122AB601A6073
:10784000424A5A603C4A9A60D4F8B01141F00101B2
:10785000C4F8B01102F58051D96002F500511961E8
:1078600002F5405102F5804259619A612F4AD2F8DF
:10787000B031002BFBD12B49EB648B600123A96451
:107880000B6048F280034B604FF00113C2F8BC312B
:10789000D2F8B03143F48033C2F8B0314FF48033C2
:1078A000224A3B60D2F8B031002BFBD1A4E5B2F5FF
:1078B000E06F7FF468AE264B1B78002B4ED1254934
:1078C000DFF8949052464846FFF7D4F9072389F829
:1078D000013029F01F0309EB0A02BFF34F8F4FF06D
:1078E000E021C1F8703F20339A42FAD8BFF34F8F9E
:1078F000BFF36F8F18485146FFF7C6FC7CE50B7845
:10790000834228BF03469A463DE600BF3646002024
:10791000A84500200200CC00C80002000200C800F8
:1079200080000020002200205DCFC6B800002E405D
:10793000C0012E40E84000205C44002004460020A6
:107940003146002038460020202200208000070019
:1079500037460020901E0060000020200449AFE759
:10796000044910E60320FFF7E5FC07F0E5FA00BF45
:107970002C1E0060901E00602DE9F043841E83B031
:10798000022C02D903B0BDE8F083124D90460F4699
:10799000C60105EBC0143C2200210190201D994630
:1079A00001F04EFCB8FA88F23904520941EA4271FA
:1079B0000122A951C4F83890A260B9F1000FE1D0BA
:1079C0000549019B9A400B681A430A6003B0BDE861
:1079D000F08300BF00000020684400202DE9F04340
:1079E000A0F1020E83B0BEF1020F02D903B0BDE8D0
:1079F000F0839146C201124F884602F140060546C7
:107A00003C220021F4190193201D01F019FCB9FA60
:107A100089FC4FEA0842019B4FEA5C1C42EA4C7227
:107A2000BA510122A363A260002BDFD0054905F102
:107A300010000B6882401A430A6003B0BDE8F0836F
:107A4000000000206844002012044FF0010C816007
:107A500042F08002C0F800C0C36101F5805C01F50E
:107A60004053426001F5005201F58041C0F80CC05E
:107A70008161C0E904237047831E022B00D970473F
:107A800000F1100C064B0A4603EBC01000B54FF096
:107A9000010E0EFA0CF15DF804EBFFF78FBB00BF8F
:107AA00040000020831E022B00D970474FF0010CCC
:107AB000034B0A460CFA00F103EBC010FFF77EBB44
:107AC0000000002040687047144B0A22DFF850C0C5
:107AD000D3F8200220F07F4000EB800300B55B006C
:107AE00085B0604538BF18466946FFF75DF9DFF895
:107AF00034C06B460022604619780132013341B12F
:107B00000A2A20F8021FF7D116228CF8002005B0AF
:107B100000BD52008CF8002005B000BD00441F409D
:107B2000809698008018002000F0ECBA00F0BABAF5
:107B300000F020BB00F0D8BA00F06EBB00F048BBEC
:107B40000846114600F03ABB70B5164D4FF0E024E0
:107B500015494FF40032154E05EB401582B001EB8C
:107B60004021C4F88C210346328828460191FFF752
:107B70006BFF019933880B44BFF34F8FC4F85C1F30
:107B800020318B42FAD8BFF34F8FBFF36F8F0320A2
:107B90002946FFF787FF4FF40033C4F80C3102B0D9
:107BA00070BD00BF60370020800020201A460020F2
:107BB000264B1A884368C3F30E43D21A002AF0B545
:107BC000C46983B028DD2248224D01782D78CBB2DC
:107BD000DFF894C0A942204D09D01CF803100F46CD
:107BE00035F811100E46C1F500718A421AD90133D9
:107BF000002125F81420082B184D88BF0B4625F8C6
:107C0000141098BF19460CF80340154B0170196801
:107C10000A441A6003B0F0BD204603B0BDE8F0404E
:107C2000FFF792BF0F4906EB47200192084401EB92
:107C30004421FFF71FF8019A09492046B31825F897
:107C400017300B6813440B60E7E700BF1A460020AB
:107C50002F46002030460020B4450020C4450020B7
:107C6000B045002080002020D4450020224B1A7807
:107C7000002A3FD102F0FF03204A1278002A39D0AF
:107C80001F4A1288002A35D01E49C2F5006210B57D
:107C9000087884B01C4901EB40141C4901EBC02159
:107CA0002046CDE902230191FFF7CEFEDDE9011266
:107CB0000A44BFF34F8F4FF0E020039BC0F8701FC2
:107CC00020318A42FAD80193BFF34F8FBFF36F8FF1
:107CD00004202146FFF7D0FE0A480021084B027815
:107CE00019800132019BD2B2032A98BF1346037058
:107CF00004B010BD704700BF344600203646002057
:107D00001C460020334600206038002080102020D0
:107D10002DE9F04F87B00490002900F0BF800023C8
:107D20005F4C604F4FF00109DFF890A15E4E029367
:107D300003915E4B5E4A1D783B8802EB451284F846
:107D400000900192002B40F0A58098461D469B466E
:107D50000198FFF7B7FE10F0800000F08B80BFF3B2
:107D60004F8F9AF8003084F800B00DB9D6F8008033
:107D7000002B7BD13368A3EB0803782B00F28380C0
:107D80004C4B1B78002B71D000F094FA3B880125F6
:107D900084F80090002BDBD044491A46C3F50060FC
:107DA0000D78039900EBC520DFF814B191425844D7
:107DB00017D20593DDE903210192FEF75BFF019ADB
:107DC0004FF04041059B9B1A3B803B4BC3F884100E
:107DD000BFF34F8F029800231044237007B0BDE813
:107DE000F08F0499FEF746FF00230BEBC5214FF4FB
:107DF00000620198FFF728FE0BEBC521BFF34F8F00
:107E000001F1200201F50063934294BF0123402356
:107E10004FF0E02201EB4313C2F8701F20318B4278
:107E2000FAD1BFF34F8FBFF36F8F04200199FFF793
:107E300023FE1E4A13780133DBB2042B28BF002334
:107E400013703B88039AD11A029A1A440391029242
:107E5000049A1A4400230492174A3B80C2F88430E3
:107E6000BFF34F8F237000297FF463AF029807B0F0
:107E7000BDE8F08F4FF400620C4B8AF800001D78CB
:107E800013463A808DE7012302988AF8003007B044
:107E9000BDE8F08F1A46C3F5006082E70846E6E7C2
:107EA000344600201C460020FC45002033460020BC
:107EB000603800203646002000002E403246002068
:107EC00080102020704700BF2D4B002180222D48BC
:107ED00070B51B7800242C4E8B420CBF40234FF40E
:107EE00000732A4D33802B8001F0AAF9284A2146DD
:107EF000284B14704FF4807227481C8001F0A0F9C1
:107F0000264A1021264B0220C2E90044C2E902445D
:107F1000244AC3E900441470234AC3E90244234BB2
:107F20001C70234614602246FFF758FD204B224662
:107F300031880320FFF720FD2346012229880420F1
:107F4000FFF74CFD20460134FFF7FEFD082CF9D168
:107F5000184B00214A221848184C0460C3F88410BA
:107F6000C3F88020D3F84821154942F08072C3F845
:107F7000482121B1134A137843F00103137070BDF7
:107F800037460020603800201A4600201E46002098
:107F9000334600201C46002060370020B4450020F6
:107FA000C44500202F460020B04500203046002068
:107FB000B15C000000002E40104600206D5D000006
:107FC00000000000394600202DE9F84F4FF4003240
:107FD0004FF0E023C3F88C212B4B1C78002950D0A4
:107FE00082468B46E4B20027DFF8B490274B504618
:107FF000274AABEB07081B78A34204F1010437D0F2
:10800000092C244B244928BF00241E5D39F8163062
:1080100031F8165003EB4621ED1A1144A8452A46C3
:1080200017D21E4C42465046FEF724FE236839F80C
:1080300016105846A3EB0B0388443B4429F81680DE
:1080400023604FF0E0234FF40032C3F80C21BDE869
:10805000F88FFEF70FFE114A2F4430461368AA44EA
:108060005B1B1360084A1470FFF76EFDBB45BDD85B
:108070004FF0E0234FF400323846C3F80C21BDE83E
:10808000F88F0846DDE700BF304600202F4600206D
:1080900080002020D4450020B4450020B0450020B9
:1080A000C44500200B4B0C4A12781978D3B28A428F
:1080B0000DD0013309480A4A092B0A4928BF002379
:1080C000C35C31F8131002EB4323585C70474FF048
:1080D000FF3070472F46002030460020D445002056
:1080E00080002020C4450020054B186800B170476F
:1080F00000B583B0019000F0DDF8019803B000BD39
:10810000B04500202DE9F84F144E154D33782A78EC
:10811000934220D0DCB2DFF85090DFF850B0DFF8A7
:108120005080104F0134082CA24601D90024A246E9
:1081300019F80400DBF8003038F8102037F8101078
:10814000521A9B1ACBF80030FFF7FEFC86F800A00D
:108150002B78A342E6D1BDE8F88F00BF304600205F
:108160002F460020C4450020D4450020B045002003
:10817000B445002000B583B001210DF10700FFF7E1
:1081800023FF18B19DF8070003B000BD4FF0FF308A
:10819000FAE700BF084B00B583B01B788DF80700E5
:1081A00033B101210DF10700FFF7B2FD03B000BDAF
:1081B00003F0FF0003B000BD36460020034B1B78E0
:1081C0000BB1FFF7A5BD03F0FF0070473646002056
:1081D0002DE9F04100240D4E01230D4DA0460D4F19
:1081E00033703B782846A34205D0FFF76BFC0306AB
:1081F00058BF08F5006801342035042CF1D1BFF3D5
:108200004F8F002340463370BDE8F0813446002094
:108210006038002033460020204B1B7813B1204BE0
:108220001A8802B970471F4BC2F500621E481F49E9
:1082300030B51B7883B01E4C00EB431001EBC3211B
:108240000123054623700023CDE90012FFF7FCFB54
:10825000DDE900120A44BFF34F8F4FF0E023C3F86B
:10826000701F20318A42FAD8BFF34F8FBFF36F8F50
:1082700004202946FFF700FC0A49002208480B7831
:1082800002800133DBB2042B28BF13460B70BFF30F
:108290004F8F074B1A7003B030BD00BF3646002029
:1082A0001C4600203346002060380020801020202B
:1082B000344600202E4B2DE9F0411E7886B1DFF8C0
:1082C000C88098F800305BB90123F10788F80030C6
:1082D00040D4B20727D4002388F80030730701D4B4
:1082E000BDE8F081234B1A68002AF9D0EFF305822C
:1082F000002AF5D1EFF3108572B61868002830D047
:108300001D4C217800292CD10122227042691A606B
:10831000002A2AD0916105B962B6002583684577A5
:1083200098472570DCE7154B1B78002BD3D0144FF2
:10833000002557F8044F236820461B69984710B161
:1083400063699B6898470D4B01351A78EBB29A42E6
:10835000EFD8C0E7FFF7C8FE0028BAD0AFF300801F
:10836000B7E7002DBCD162B6BAE7064B1A60D2E778
:1083700039460020D442002027460020284600200D
:10838000DC210020E04200202B46002070B5EFF3F6
:10839000108272B60C4C206880B10C4E00254369E7
:1083A000236073B19D6102B962B6836845779847CF
:1083B000EFF3108272B620680028F0D102B962B6DD
:1083C00070BD3360EFE700BFDC420020D8420020E0
:1083D000FFF7DCBF0449054A4968054B196013687B
:1083E00001331360704700BF001000E0FC4500201F
:1083F000F8450020074A506A936A19468446506A35
:10840000936A9942F9D18445F7D1DB0B43EA4040A6
:10841000704700BF00400D4008B5D0E900325BB1A5
:10842000BAB10F4BA3FB0213DB0803EB4303B2EB20
:1084300083030AD1012008BD094BA3FB0213DB080B
:1084400003EB4303B2EB830301D0D21A4260F02A5C
:10845000F0D800F0DBFF1C22034600201A6008BDA4
:10846000ABAAAAAA30B583B060B3044621B11D46B9
:10847000B2FA82F35B09A2B9206818B362680AB342
:10848000164B174902FB03F3B1EBB30F1AD3A368E2
:10849000FBB9002323606360A360E360012003B0A5
:1084A00030BD0193069BC0E90012C360FFF7B4FF23
:1084B00060B1002DF2D0626801992068A56000F0DB
:1084C000BFFEEBE700F0A2FF16230360002003B01D
:1084D00030BD002100F0B4FEDBE700BFABAAAAAAC2
:1084E000555555152DE9F04F01F10B02162A85B0AF
:1084F000804624D8102900F2AB8000F0C9FA02258A
:1085000018211022B74C2144A1F108004E68864280
:1085100000F062817268F168B46822F003023244AC
:10852000E1608C60516841F001014046516000F00B
:10853000B5FA06F10804204605B0BDE8F08F32F028
:10854000070200F18580914200F28280019200F0E2
:108550009FFA019AB2F5FC7FC0F0BA81570A7FD02A
:10856000042F00F27281970907F139052BB207F148
:10857000380CDB009B4C2344A3F108065B689E4249
:1085800007D10DE00028DF6880F21381BE4207D0DA
:108590003B46596821F00301881A0F28F2DD654631
:1085A000236991498B4200F0F1805E6826F0030652
:1085B000B11A0F2900F391818B480029C4E9040006
:1085C00080F27981B6F5007F676880F01981F10843
:1085D00001310FFA81FC76090121B14054F83C00C9
:1085E00098600F4304EBCC010839D960676044F808
:1085F0003C30C360AB1001269E40BE4236D83E429E
:1086000006D125F0030576003E4205F10405FAD0B7
:1086100004EBC50A04EBC507A946F9680EE04868F3
:1086200020F0030EAEEB020CBCF10F0F0B46C96835
:1086300000F31881BCF1000F80F22D818F42EED142
:1086400009F1010919F0030F07F10807E5D17FE1EE
:108650000C23C8F800300024204605B0BDE8F08F98
:108660004FF4007340254FF03F0C83E7A76879680B
:1086700021F0030393429A4603D3991A0F2900F37A
:1086800087805A495A4E0968103111440820CDE9B3
:10869000011200F0EFFE01994B1E03444542834650
:1086A00030681D40B0F1FF3F18BF29464046019198
:1086B00000F084FE411C0546DDE9011200F02B812B
:1086C00007EB0A0C844500F224814A4B186800EB42
:1086D00001090BF1FF3EC3F8009000F0898130687A
:1086E00001301BBFA5EB0C0C09EB0C0035601860CA
:1086F00015F00700814600F04881C0F108000544EC
:10870000CDE901236B1803EA0E015844401A00EA30
:108710000E06314640469B4600F050FE421CDDE905
:10872000012300F09581401B304440F0010118689E
:10873000A56000EB0609A7426960C3F8009017D056
:10874000BAF10F0F40F25E81AAF10C0121F0070C83
:10875000796801F0010141EA0C017960052607EB17
:108760000C01BCF10F0FC1E9016600F26381696879
:10877000214B1E684E4538BFC3F800901F4B1E6842
:108780004E4501D2C3F800902F46C6E0676831E736
:10879000BD1841F0010142F001027A604046A56037
:1087A000696000F07BF907F10804204605B0BDE8D8
:1087B000F08F9A6801931944D760BA604A6842F012
:1087C000010240464A6000F069F9019B03F1080488
:1087D000204605B0BDE8F08FCE68B1427FF49AAE76
:1087E0000235DDE6400F0020480F00201C4300202A
:1087F00018180020EC4200201443002018430020E9
:10880000B6F5206F4FEA56207CD3142800F2D380AF
:1088100000F15C0109B25B30C90004EB010C615846
:10882000ACF1080C8C4503D1A8E089688C4504D0D4
:10883000486820F00300B042F7D8D1F80CC0C3E973
:10884000021CCCF80830CB60D4E6142F72D9542F18
:1088500000F2BA80170B07F16F052BB207F16E0C0F
:10886000DB0087E69D1842F001025A609E68864A46
:10887000F1608E60C4E90455C5E902224CF00102A2
:108880006A60404643F80EC0019300F007F9019B6F
:1088900003F10804E0E69E441C46DEF8043043F091
:1088A0000103CEF8043054F8083F4046D9608B608D
:1088B00000F0F4F8D0E61E4440467268019342F09E
:1088C0000102726000F0EAF8019B03F10804C3E6BC
:1088D000D508691C09B2C90014E69D1842F00102CE
:1088E0005A60694A0193C4E90455C5E9022241F07E
:1088F00001026A604046995100F0D0F8019B03F1F3
:108900000804A9E6B00900F1390109B23830C900FC
:1089100083E7A74263D0A768796821F003009042FB
:10892000A0EB020102D30F293FF732AF404600F01F
:10893000B5F890E607F15C052BB207F15B0CDB00A4
:1089400018E6514651F808398B428A4640F09A8021
:1089500015F0030F05F1FF35F3D1636823EA060331
:10896000636076009E423FF681AE1EB97EE67600D9
:1089700009F104091E42FAD04D4649E6801001264D
:1089800006FA00F00743676059E7CDE902236B1848
:1089900003EA0E01ABEB010606EA0E06314640463D
:1089A000019300F00BFD431C019B04BF4E4618468B
:1089B000DDE90223B7E6542827D8300B00F16F0118
:1089C00009B26E30C90028E7B7F5AA7F27D8D70BC0
:1089D00007F178052BB207F1770CDB00CAE52B4BCA
:1089E000186800EB01090BF1FF3EC3F8009076E632
:1089F00015EA0E0F7FF473AEA568514441F00101F2
:108A00006960B5E601236B6090E7B0F5AA7F25D8D1
:108A1000F00B00F1780109B27730C900FDE640F2B1
:108A200054539F4224D8930C03F17D0503F17C0C31
:108A3000EB009FE507F108014046CDE9012300F076
:108A400001FEA568029B6968D3F80090019A8FE641
:108A5000A9F108010BEB0100002664E640F2545135
:108A600088420BD8B00C00F17D01C9007C30D4E6FF
:108A70004FF47E737F254FF07E0C7BE54FF47E71C3
:108A80007E20CAE663686CE7480F0020EC420020B5
:108A9000014800F0EBBC00BFE4420020014800F0B8
:108AA000E7BC00BFE4420020002900F09F802DE9D0
:108AB000F04383B00C4600928046FFF7E9FF00992F
:108AC00001F10B03162B60D81023994260D854F89B
:108AD00004EC2EF003029A42A4F1080565DAB348CB
:108AE000806805EB020C6045DCF8046000F09080C3
:108AF00026F0010060444068C0076CD426F00306ED
:108B0000901983424CDD1EF0010F0FD154F8080C70
:108B1000281A0746406820F0030006441644B34272
:108B200040F3EF801618B34240F3C9804046CDE9C8
:108B30000023FFF7D7FCDDE900230646002800F0FC
:108B4000178154F8041C21F001012944A0F1080CFC
:108B5000614500F0AE80043A242A00F2CE80132A48
:108B600000F29C80034622461168196051685960E2
:108B700092689A602146404600F064FD4046FFF747
:108B80008DFF304603B0BDE8F08333F007039CD57A
:108B90000C23C8F800300026304603B0BDE8F0834F
:108BA0000246DCE90201C16088606968D01A0F28BA
:108BB00001F0010105EB02061BD8114369607368DF
:108BC00043F0010373604046FFF768FF26463046D6
:108BD00003B0BDE8F0831EF0010FA7D154F8080CD4
:108BE000281A0746406820F003009BE71146FFF76C
:108BF00079BC19436960E91840F001004860736866
:108C000043F0010308317360404600F01BFDDAE7D2
:108C100026F00306B01803F1100C604580F28B803B
:108C20001EF0010F82D154F8080C281A074640683C
:108C300020F0030006441644B445B1463FF772AF36
:108C40003E46F96856F8080F043A242AC160886045
:108C500000F2A580132A40F2A0802168B960616803
:108C6000F9601B2A00F2A480083407F11002216881
:108C7000116061685160A1689160F918A9EB030265
:108C80004A4D42F00102A9604A607A6802F001028E
:108C9000134340467B60FFF701FF98E723680360BA
:108CA000636843601B2A3BD804F1080200F1080303
:108CB0005AE750F8041C21F003010A4475E7043A0E
:108CC0003D46F96855F8080F242AC160886020D80D
:108CD000132A1CD92168B9606168F9601B2A3DD844
:108CE000083407F110022168116061685160A168C1
:108CF00091602C4632463D4657E7214600F00EFA79
:108D000038E7DCE90201043AC1608860D8E72A4606
:108D1000E9E721462846009300F000FA009BE8E7C7
:108D2000A3688360E368C360242A25D004F110029D
:108D300000F1100318E71D4A1D449560C21A42F065
:108D400001026A6054F8042C02F001021343404609
:108D500044F8043CFFF7A2FE264638E7A1683961D3
:108D6000E1687961242A10D0103407F11802BAE7BB
:108D70004046FFF793FE0EE7236903616169416195
:108D800004F1180200F11803EEE62269BA61626983
:108D9000FA61183407F12002A5E7324667E7214659
:108DA0003046009300F0BAF9009B66E7400F0020C0
:108DB000A1683961E1687961242A03D0103407F190
:108DC000180254E72269BA616269FA61183407F13E
:108DD00020024CE7024A0349034800F0C9B800BF2B
:108DE000201800202DA20000481300200C4B4168E1
:108DF000994210B5044601D003F098F9A168094BD7
:108E0000994202D0204603F091F9E168064B99425D
:108E100004D02046BDE8104003F088B910BD00BF63
:108E20002043002088430020F04300202DE9F84330
:108E3000314A324C3249DFF8DC90DFF8DC80314FC8
:108E40001160002504232946082204F15C00C4E9CE
:108E500003352D4EA560C4E90055C4E90555656686
:108E600000F0EEF904F15800C4E90749C4E90987A4
:108E7000E66200F0F7FA2946244B6367082204F102
:108E8000C400C4E91A55C4E91E552567C4F8CC507E
:108E9000C4F8805000F0D4F904F1680304F1C00074
:108EA000C4F88430C4E92298C4E9247600F0DAFAE0
:108EB000174BC4F8DC30294604F596700822C4E943
:108EC0003455C4E93855C4F8D850C4F83451C4F8FE
:108ED000E85000F0B5F904F1D003C4E93D87C4F8C7
:108EE000F09004F59470C4F8FC60C4F8EC30BDE870
:108EF000F84300F0B7BA00BF5844002020430020D8
:108F0000D56E0000197100003D71000009000100DC
:108F100012000200B5700000D970000010B50446C0
:108F20000A4800F0A3FA636B23B9094B094A1B688E
:108F3000626323B1BDE81040044800F099BAFFF71E
:108F400075FFBDE81040014800F092BAE8420020E9
:108F500058440020ED6E0000014800F087BA00BFC1
:108F6000E8420020014800F083BA00BFE842002038
:108F70002DE9F8430746884616464FF00009756804
:108F8000013D11D4B468A389012B08D9B4F90E307E
:108F900001332146384602D0C04749EA0009013D65
:108FA0006B1C04F16804EED13668002EE7D1484608
:108FB000BDE8F88310B50C46B1F90E1000F0E8F9E1
:108FC000002803DB236D0344236510BDA38923F42C
:108FD0008053A38110BD00BF2DE9F0411F46B1F9B8
:108FE0000C301646DA050C4605460BD423F48053A4
:108FF000A381B4F90E103B4632462846BDE8F04145
:1090000000F0EEB90223B1F90E10002200F0AAF927
:10901000B4F90C30EAE700BF10B50C46B1F90E10F8
:1090200000F0A0F9B4F90C30421C0EBF23F48053B9
:1090300043F480532065A38110BD00BFB1F90E1029
:1090400000F07EB970B5ADF5067D0E46009313466F
:109050004FF40072059206A905AA054600F028F80B
:1090600098B10246059B03903146284600F0B8F9B6
:10907000039A059006AB9A4204D02846114600F0A8
:10908000E1FA05980DF5067D70BD4FF0FF30F9E768
:1090900000B5DFF818E084461346DEF800005DF8FE
:1090A00004EB0A466146FFF7CDBF00BF2C18002035
:1090B00010B59AB021B1D2F800C0BCF1000F1CD19C
:1090C00000214FF4227CADF80CC01991009104915D
:1090D0004FF6FF7C02910591144669461A461C9B87
:1090E000ADF80EC000F0D4FF002814DB009B206018
:1090F00000221A7004981AB010BD009104916146C4
:109100004FF4C16CADF80CC04FF0000CCDF864C04A
:10911000DEDA8B23036000201AB010BD884270B5E0
:1091200031D98B1883422ED9032A00EB02011DD9B5
:1091300041EA030C1CF0030F1D4618D14FEA920CB4
:109140000CF1FF36A1EB8C048C4653F804ED4CF87F
:1091500004EDA445F9D1C6EB867301EB830105EB61
:10916000830CACF10403043902F0030252B102F1A2
:10917000FF3C6FEA0C0C9C4413F8012D01F8012D03
:109180006345F9D170BD032A50D941EA00039B071A
:109190004ED10F2A51D922F00F0301F1100601F12F
:1091A000100C103B203100F1100E19445CF8104CEB
:1091B0004EF8104C5CF80C4C4EF80C4C5CF8084C1B
:1091C0004EF8084C5CF8044C4EF8044C0CF1100CB2
:1091D0008C450EF1100EE9D1F11812F00C0F03447A
:1091E00002F00F0503F1100325D025F0030CACF1BC
:1091F000040426461A1F1C198C465CF804EB42F83E
:1092000004EFA242F9D1043104333144334405F070
:109210000302002AB6D0013A0132013B0A4411F898
:1092200001CB03F801CF9142F9D170BD0346F0E7BD
:10923000013A0346F0E72A46EBE703461546D4E732
:1092400030B584078646034606D0A2B303F8011B57
:10925000980702F1FF32F8D1032A26D95FFA81FC80
:109260000CEB0C2C0F2A0CEB0C402AD922F00F0C23
:109270009C44C3E90000C3E9020010336345F8D100
:1092800012F00C0F02F00F0417D04FEA940C0CF1FF
:10929000FF351A4603EB8C0C42F8040B6245FBD1F8
:1092A000043304F0030203EB850322B11A4403F8EC
:1092B000011B9A42FBD1704630BD2246002AF5D1EF
:1092C000F9E71446E1E700BF10B5044608438307F9
:1092D00001D1032A19D8A44601F1FF3E07E01EF888
:1092E000011F03F8011B501E31B19C460246634624
:1092F000002AF4D1204610BD94440028FAD003F887
:10930000011B6345FBD1204610BD0B46A4461868DF
:109310001946A0F1013323EA000313F0803F01F165
:109320000403D9D1043A032A4CF8040BEFD81946A8
:10933000D2E700BF014B93F810027047C41500201C
:1093400038B5074C0023054608462360FDF7F2FEBA
:10935000431C00D038BD2368002BFBD02B6038BDE8
:109360006C44002038B58C46084C114605461A4618
:10937000604600232360FDF7E9FE431C00D038BDA2
:109380002368002BFBD02B6038BD00BF6C4400204D
:1093900038B58C46084C114605461A4660460023EF
:1093A0002360FDF7C5FE431C00D038BD2368002BA9
:1093B000FBD02B6038BD00BF6C44002038B5074C93
:1093C0000023054608462360FDF79AFE431C00D0A3
:1093D00038BD2368002BFBD02B6038BD6C440020C7
:1093E00038B58C46084C114605461A46604600239F
:1093F0002360FDF7C1F9431C00D038BD2368002B62
:10940000FBD02B6038BD00BF6C440020014B1868B6
:10941000704700BF2C18002070B50E4E0E4DAE42A6
:1094200008D0761BB610002455F8043B0134984749
:10943000A642F9D8094E0A4D05F082FDAE4208D089
:10944000761BB610002455F8043B01349847A64219
:10945000F9D870BDF01D0060F01D0060F81D0060BF
:10946000F01D0060704700BF704700BF704700BF2D
:10947000704700BF082802D14FF48050704708B5EC
:10948000FFF7C4FF162303604FF0FF3008BD00BF95
:1094900000000000000000000000000000000000CC
:1094A00000000000000000000000000000000000BC
:1094B00000000000000000000000000000000000AC
:1094C00030B490F800F020F007016FF0000C10F0BD
:1094D000070491F820F040F048804FF000046FF04E
:1094E0000700D1E9002391F840F000F1080082FA6A
:1094F0004CF2A4FA8CF283FA4CF3A2FA8CF34BBB35
:10950000D1E9022382FA4CF200F10800A4FA8CF2AD
:1095100083FA4CF3A2FA8CF3E3B9D1E9042382FA7B
:109520004CF200F10800A4FA8CF283FA4CF3A2FA90
:109530008CF37BB9D1E9062301F1200182FA4CF2C8
:1095400000F10800A4FA8CF283FA4CF3A2FA8CF32F
:10955000002BC6D0002A04BF04301A4612BAB2FA51
:1095600082F200EBD20030BC7047D1E9002304F056
:109570000305C4F100004FEAC50514F0040F91F88B
:1095800040F00CFA05F562EA05021CBF63EA050328
:1095900062464FF00004AAE7F8B5064608200C46DC
:1095A000FFF768FF07463046FFF772FA224A9368D2
:1095B0005D6825F00305A5F111031C1B3C44B4FBB9
:1095C000F7F4013C07FB04F4A74208DC0021304615
:1095D000FFF7F4FE184A93682B44984204D03046B3
:1095E000FFF75CFA0020F8BD61423046FFF7E6FE67
:1095F0000130114A0DD0114993682D1B45F001052A
:109600005D600B6830461B1B0B60FFF747FA0120BB
:10961000F8BD00213046FFF7D1FE074A9268831A51
:109620000F2BDCDD43F001035360054B03491B683E
:10963000C01A0860D3E700BF400F0020EC420020B2
:1096400018180020002965D02DE9F0410C46074686
:10965000FFF71EFA54F804EC7D49A4F1080C2EF033
:1096600001030CEB03028D685068954220F0030063
:109670000EF0010600F08B80151850606D6805F043
:109680000105A846AEBB54F8084CACEB040C2344CF
:10969000DCF8084001F1080E74456BD0DCF80C5082
:1096A000E560AC60B8F1000F00F08C8043F0010081
:1096B000CCF804001360B3F5007F35D2DA084868AF
:1096C0005C090132012312B2A34003434B6051F8FD
:1096D0003200CCF8080001EBC203083BCCF80C3098
:1096E00041F832C0C0F80CC03846BDE8F041FFF781
:1096F000D5B985B9034401F1080E9068704543F06F
:1097000001047AD0D268C2609060CCF804404CF872
:109710000330D0E770474EF00102B3F5007F44F804
:10972000042C4CF80330C9D3B3F5206F4FEA532013
:109730004AD2980900F1390212B200F13804D2007D
:1097400088188A580838904203D15FE092689042A6
:1097500004D0516821F003019942F7D8D068CCE9D0
:109760000220C0F808C03846C2F80CC0BDE8F0417D
:10977000FFF794B9A5BB1844D2E90223D3609A60DD
:1097800040F00103CCF804304CF80000ACE718447A
:1097900046B954F8083CACEB030C1844DCE902234E
:1097A000D3609A6040F00103CCF80430294BC1F833
:1097B00008C01B68834297D8274B38461968FFF7C3
:1097C000EBFE91E7034498E714280FD9542824D8D6
:1097D000180B00F16F0212B200F16E04D200AFE775
:1097E00043F00101CCF8041013607DE700F15C0246
:1097F00012B200F15B04D200A2E7C1E904CCCCE9CB
:1098000002EECCF804404CF803306DE7A4100123BD
:10981000A3404C6823434B60A1E7B0F5AA7F07D86B
:10982000D80B00F1780212B200F17704D20087E77A
:1098300040F25452904206D8980C00F17D0200F19B
:109840007C04D2007CE74FF47E727E2478E700BF70
:10985000400F00201C1800201C43002082B049B19A
:109860005AB16BB113780B601278101E18BF01202B
:1098700002B0704701A9002AF3D1104602B0704728
:109880006FF00100F4E700BF30B5436C83B00546CC
:109890000C4653B153F8240088B1026843F82420E1
:1098A0000023C0E9033303B030BD2122042102F0BC
:1098B0002BFE034668640028ECD10020F3E7012169
:1098C00001FA04F35A1D92002846019302F01CFE8F
:1098D0000028F2D0019B44608360E1E731B1436C22
:1098E0004A6853F82200086043F82210704700BF0E
:1098F0002DE9F0410E6917460D461C4601F1140290
:109900004FF0000E11688BB207FB03434FEA134C74
:10991000090C07FB01CC0EF1010E9BB203EB0C43CB
:10992000764542F8043B4FEA1C44EBDC3CB1AB68A3
:10993000B34207DD05EB860301365C612E612846E4
:10994000BDE8F081696801318046FFF79DFF074659
:10995000B0B12A69023205F10C0192000C30FDF71A
:1099600089F9D8F844306A6853F82210296043F81E
:1099700022503D4605EB860301365C612E61DEE731
:10998000024B03483A46BA2102F09EFD1C0A002011
:10999000300A0020B0F5803F034636BF03040020A4
:1099A0001020B3F1807F3CBF1B020830B3F1805F11
:1099B00006D3B3F1804F0FD29A0012D40330704710
:1099C0001A01B2F1804F00F1040006D29B0108D4C5
:1099D0005B00F3D4202070471A46002AFBDB0130DD
:1099E00070470230704700BF0368590708D0DA0794
:1099F0001FD499072AD55B080360012210467047DF
:109A00009AB282B91B0CDAB2B2B11022190701D195
:109A100004321B09990714D0D90701D401325B081D
:109A2000036010467047DAB24AB11A0717D1042210
:109A3000EFE700221046704718221B0AE6E70822CB
:109A4000FBE7590707D502329B08E9E79B0802228A
:109A5000036010467047DB0804D12022CEE7DB0804
:109A60000322DDE70332DBE738B5436C04460D46DD
:109A70004BB15868B0B102685A6000220123C0E9B6
:109A80000323456138BD2122042102F03DFD034638
:109A900060640028EDD1094B0948002240F24511CD
:109AA00002F012FD1C220121204602F02DFD0028AB
:109AB000F1D001220223C0E90123DEE71C0A0020C5
:109AC000300A00202DE9F04F0F691569AF4285B0CB
:109AD0000E46904605DB2A4643463D4688461746D5
:109AE0001E46D8F80830D8F80410EC19A342B8BFC5
:109AF0000131FFF7C9FE8446002800F09C80143035
:109B000000EB840E704505D20346002143F8041B88
:109B10009E45FBD8143606EB870296427CD208F1AC
:109B2000140707EB8505A5EB080308F11508A84500
:109B3000A3F11503CDE902E44FEA930A8CBF002498
:109B400001249146E34605E0090C34D1B14500F10A
:109B500004005ED956F8041B8AB2002AF4D0CDE97D
:109B60000090B8468646002358F8041BDEF8000033
:109B70001FFA81F94FEA114C81B202FB0911000C66
:109B8000194402FB0C0000EB114089B241EA00418C
:109B900045454EF8041B4FEA1043E5D8DDE9009037
:109BA000002C4FEA8A0208BF00220244536056F894
:109BB000041C090CCAD00368CDF800908846BC4646
:109BC000864600221946BCF8009008FB092909EBDB
:109BD00011499BB243EA09434EF8043B5CF8043B4D
:109BE000DEF800101B0C8AB208FB032303EB1943B9
:109BF00065454FEA1342E6D8002C4FEA8A02DDF8A9
:109C0000009008BF00220244B145536000F10400F7
:109C1000A0D8DDE902E4DC46002C02DC05E0013CD2
:109C200003D05EF8043D002BF9D06046CCF810401C
:109C300005B0BDE8F08F034B034862464FF4B171A5
:109C400002F042FC1C0A0020300A0020F8B512F095
:109C50000303144607462FD10E46A4102AD03D6CAC
:109C6000002D32D004F0010364103BB92868B8B16C
:109C7000054604F001036410002BF7D02A46314654
:109C80003846FFF71FFF36B17B6C716853F821200F
:109C9000326043F8216074B1064628680028E7D195
:109CA0002A4629463846FFF70DFF00232860036047
:109CB0000546DEE73046F8BD013B0F4A52F8232047
:109CC0000023FFF715FE0646C7E701213846FFF7D8
:109CD000DBFD054640B1012340F27122C0E90432A8
:109CE000002338640360BDE7044B05482A4640F270
:109CF000451102F0E9FB00BF8C0B00201C0A00207C
:109D0000300A00202DE9F0470D4691462E69AB68D8
:109D1000496806EB6216741C9C4207464FEA6218BB
:109D200004DD5B009C4201F10101FADC3846FFF7DB
:109D3000ABFD844600284FD0B8F1000F00F11400AD
:109D40000BDD08F105010CEB81010346002243F80D
:109D5000042B8B42FBD100EB8800296905F1140329
:109D600019F01F0803EB810E2ED0C8F1200902461E
:109D70004FF0000A196801FA08F141EA0A0142F8B5
:109D8000041B53F8041B9E4521FA09FAF2D8AEEBE6
:109D90000503153B23F0030305F11502964538BF73
:109DA0000023043340F803A0BAF1000F00D1344679
:109DB0007B6C6A68CCF8104053F82210296060462A
:109DC00043F82250BDE8F087043853F8042B40F8DC
:109DD000042F9E45F9D8EAE7034B044862464FF446
:109DE000EF7102F071FB00BF1C0A0020300A002056
:109DF00003690A6900B5B3EB020E12D100F1140C2D
:109E000014310CEB820301EB820101E09C4508D286
:109E100053F8040D51F8042D9042F7D003D24FF0BF
:109E2000FF3E704600BD4FF0010E704600BD00BF02
:109E30002DE9F04F17460A693B69A2EB0308B8F118
:109E4000000F83B00C4615D1143107F1140505EB52
:109E5000830501EB830302E0994280F0858053F88B
:109E6000046D55F8042D9642F6D080F08A804FF0AC
:109E7000010805E0FBDB3B464FF000080F461C469F
:109E80007968FFF701FD002800F086803A692669AD
:109E9000C0F80C8007F1100107F11408834600F1A7
:109EA000140704F1140008EB820E944600EB8606BA
:109EB0000023B946C2460A46019450F8041B52F8E2
:109EC000045F8CB21FFA85F8A8EB0408090C9844CB
:109ED000C1EB154101EB28411FFA88F848EA01441B
:109EE000864249F8044B4FEA2143E6D8A146019C3B
:109EF000301B1538153420F00300A64238BF00206F
:109F00000AEB00010431C4198E4562460846DC465E
:109F100098BF23461AD9A7EB0A070434C61950F88C
:109F2000045B13FA85F82B442D0C05EB28459BB2F6
:109F300043EA05498645C6F800904FEA2543EDD827
:109F40000EF1FF335B1A23F003032344B9F1000F32
:109F500004D153F8041D013A0029FAD06046CCF828
:109F6000102003B0BDE8F08F0021FFF78DFC844680
:109F700058B101220023C0E90423604603B0BDE8C4
:109F8000F08F3B4627461C467AE7074B0748624658
:109F900040F2372102F098FA0246034B034840F2A0
:109FA000452102F091FA00BF1C0A0020300A00206F
:109FB0002DE9F043894683B0012157EC106B9046A0
:109FC000FFF762FC0446002846D0C7F30A55C7F3E2
:109FD00013030DB143F480130193331E15D101A86F
:109FE000FFF702FD019B636101212030216115B360
:109FF000A5F233450544C0F13500C9F80050C8F852
:10A000000000204603B0BDE8F08368460093FFF7E8
:10A01000EBFCDDE9002328B1C0F1200103FA01F1D6
:10A020000A43C340002B0CBF012102216261A361DE
:10A030002161002DDCD104EB8103A0F23240C9F88C
:10A0400000001869FFF7A6FCC0EB4110C8F800003B
:10A05000204603B0BDE8F083034B0448224640F29B
:10A060000F3102F031FA00BF1C0A0020300A002034
:10A0700049B1FF2A02D80A70012070478A23036081
:10A080004FF0FF3070470846704700BF00000000E7
:10A090002DE9F04F2DED028BD1B00C460791904683
:10A0A0000993824602F076F9036811931846FFF788
:10A0B00007FA08221090002120A8FFF7C1F8A38911
:10A0C000180603D52369002B01F06E8000239FED55
:10A0D000728BCDE92533CDE9143327AA0D93249251
:10A0E000174612931393059345462C466C4BD3F8B1
:10A0F000CC61FFF71FF920AA034600921AA9224655
:10A100005046B047002800F09880C0F28E801A9A1E
:10A11000252A034601D01C44E8E7B4EB05080646AF
:10A1200040F08F8000234FF0FF328DF85F309B4668
:10A13000069301342378049201349946A9F120034F
:10A140005A2B00F2AF80DFE813F0FE02AD00AD0045
:10A15000FA02AD00AD00AD00DD02AD00AD00A80219
:10A16000B702AD00B302C002AD00BC025B005B00F1
:10A170005B005B005B005B005B005B005B00AD00B5
:10A18000AD00AD00AD00AD00AD00AD002101AD00F2
:10A190009C01AC03210121012101AD00AD00AD0006
:10A1A000AD00A803AD00AD000803AD00AD00AD00EB
:10A1B0007302AD006103AD00AD009807AD00AD00C6
:10A1C000AD00AD00AD00AD00AD00AD002101AD00B2
:10A1D0009C018701210121012101ED0387016C0010
:10A1E000AD000804AD00F8033D0413046C00AD009D
:10A1F00073026A008303AD00AD00FB07AD006A0087
:10A20000A9F13003002214F8019B02EB820203EB58
:10A210004202A9F13003092BF5D906928EE7237883
:10A220008AE723784BF0200B86E70822002120A83C
:10A23000FFF706F801231C4458E7B4EB050806466F
:10A2400010D02599269B013143440729C7E90058BE
:10A250002693259117DC0837059B43440593002E70
:10A260007FF460AF269B002B41F00383079B9B8903
:10A2700003F04003002B41F0CF86059851B0BDECB0
:10A28000028BBDE8F08F079924AA504601F022FF07
:10A290000028EBD127AFDFE700000000000000003E
:10A2A000C4150020B9F1000FDCD00023CDE90B3339
:10A2B00001228DF8DC908DF85F3008930A920493A8
:10A2C0000E9337AD0292269A1BF08403904600F05D
:10A2D00005819DF85F1009B3DDF894C000260CF1EC
:10A2E000010101200132786007290DF15F00CDE9FD
:10A2F0002512386000F33E8408377EB1DDF894C043
:10A300000CF1010118A80232386007294FF0020051
:10A31000CDE92512786000F320840837802B00F007
:10A320006583049B0A995E1A002E00F3E8801BF4F3
:10A33000807F40F021810A9B7B601A44259B3D6011
:10A340000133072B2692259300F3BC8308371BF0BB
:10A35000040F05D0069B02995D1A002D00F31884A6
:10A36000DDE9053102988142ACBF5B181B180593EB
:10A37000002A40F0778300232593089B1BB108999E
:10A380005046FFF75FF927AF2546AEE6099B073336
:10A3900023F00703B3EC028B9FEDA17BB0EEC86BFB
:10A3A000B4EE476BF1EE10FA099300F33986B4EE80
:10A3B000488BF1EE10FA81F14685B9F1610F01F099
:10A3C0007A83B9F1410F01F07084049B013301F0ED
:10A3D0007F82B9F1670F18EE903A4BF4807801F064
:10A3E000F584B9F1470F01F0F1840023089318EECA
:10A3F000903A002BC1F20885B0EE487B0026A9F107
:10A400004103252B01F2DD81DFE813F0A50CDB0908
:10A41000DB09DB09700ADD0ADB09DB09DB09DB0983
:10A42000DB09DB09DB09DB09DB09DB09DB09DB090C
:10A43000DB09DB09DB09DB09DB09DB09DB09DB09FC
:10A44000DB09DB09DB09DB09DB09DB09A50CDB091F
:10A45000DB09DB09700ADD0A1BF0200F40F0DE8506
:10A46000099A1BF0100F52F8046B41F01C861BF088
:10A47000400F099201F08E8046F3C038434636B251
:10A480001FE2B9F1430F03D01BF0100F00F06586F7
:10A490000822002122A8FEF7D3FE099A37AD1268E0
:10A4A00022AB2946504603F015F80A90013001F01E
:10A4B000AE850A9B23EAE3730293099B269A043331
:10A4C00009930023CDE90B338DF85F300893049393
:10A4D0000E931BF0840390467FF4FBAE0699029E18
:10A4E0008E1B002E00F321849DF85F1000297FF45D
:10A4F000F3AE049B0A995E1A002E7FF718AF4A4903
:10A50000259B0F91102E27DD39464FF01008374656
:10A510002E462546079C04E0103F102F01F108014C
:10A5200016DD013340481032072BC1E90008CDE9A0
:10A530002532F1DD24AA2146504601F0CBFD00284A
:10A5400040F09882103F102FDDE9253227A9E8DC82
:10A550002C4635463E460F4601330F99396032444A
:10A56000072BCDE925327E6000F364841BF4807FE5
:10A5700007F108073FF4DFAEB9F1650F40F3AC8295
:10A58000B5EE408BF1EE10FA40F05283259B27493F
:10A590003960013301320121072B2692259379601E
:10A5A00000F37F870837199B0D998B4280F2EB846B
:10A5B000109B11991A44C7E90013259B2692013379
:10A5C000072B259300F3D38508370D9B5D1E002DC7
:10A5D0007FF7BDAE1449259B0F91102D40F397874F
:10A5E000A146DDF81C8010260C4604E00837103D1B
:10A5F000102D40F38B8701331032072BC7E900463B
:10A60000CDE92532F2DD24AA4146504601F062FD33
:10A61000002840F02F82DDE9253227AFE7E700BFB1
:10A62000FFFFFFFFFFFFEF7F1C0C0020D40A00207C
:10A63000DDF8248058F8045B00238DF85F30002D8E
:10A6400000F0A185B9F1530F00F037871BF010031C
:10A650000B9340F03287049B002BC1F2FC801A461A
:10A660000B99284601F09CFE9DF85F300890002869
:10A6700001F04884089A521B0A9222EAE27202927E
:10A680000BB1013202920B9BCDF8248004930E9300
:10A690000C9308934FF0730915E6099B53F8042BAC
:10A6A0000692002A80F27584069A09935242069215
:10A6B00023784BF0040B3FE52B238DF85F30237894
:10A6C0003AE523784BF0800B36E5214611F8019BE3
:10A6D000B9F12A0F01F09084A9F13003092B98BF3A
:10A6E000002201F2DD8211F8019B02EB820203EBF2
:10A6F0004202A9F13003092BF5D942EAE27304932F
:10A700000C461BE5504601F045FE4368139318467E
:10A71000FEF7D6FE15900646504601F03BFE8268D5
:10A7200023781492002E3FF407AD002A3FF404ADC5
:10A730001278002A3FF400AD4BF4806BFCE42378E0
:10A740004BF0010BF8E49DF85F202378002A7FF49A
:10A75000F3AC20228DF85F20EEE41BF0200F4BF0CD
:10A76000100000F02884099B073323F007031A46E2
:10A77000596852F8083B099200228DF85F20049A2C
:10A78000002A18DB53EA010220F4906B15D1049AD9
:10A790009AB910F001031A46029300F07386302331
:10A7A0008DF83F31049B0A92CDE90B330E93089349
:10A7B0000DF23F1587E520F4806B50AD03F00702E2
:10A7C000DB0843EA4173C908303253EA01062846E0
:10A7D00005F8012DF2D11BF0010F00F01582302A8F
:10A7E00000F012823023049905F8013C023850AB86
:10A7F0001B1A99424FF00002B8BF1946CDE90B224F
:10A8000008920A93054602910E925CE51BF0200F18
:10A810004BF0100121D1099B1A1D099B04981B685C
:10A820004FF0000840458DF85F801E4659DB21F04F
:10A83000800B002B40F08C850992002840F0E983C2
:10A84000CDE90B000A900E900290089050AD3AE5C9
:10A850001BF0200F00F0BE835946099B073323F0FD
:10A86000070200238DF85F30049BD2F8048052F871
:10A87000086B0992002B35DB56EA080321F0800BA8
:10A8800031D1049B002B40F0C483CDE90B330A93F4
:10A890000E930293089350AD15E523784BF0080B07
:10A8A0004AE41BF0200F4BF0100300F07A83099A62
:10A8B000073222F007029B46536852F8086B099250
:10A8C0009846002BC0F2C282049A002A0BDB56EA9B
:10A8D00008032BF0800B06D1002A00F041873026B8
:10A8E00007E009928B460A2E78F1000380F0BF82C0
:10A8F0003036049A9DF85F308DF83F61012AB8BF69
:10A900000122029201220A920DF23F15002B01F062
:10A910006D83029B013302930023CDE90B3308932F
:10A920000E93D0E42378682B03BF63784BF4007B4D
:10A9300001344BF0400BFFF7FFBB099A1BF0200FCF
:10A9400002F1040300F08883126805991160C917A9
:10A95000516009932546FFF7C8BB23786C2B03BFD2
:10A9600063784BF0200B01344BF0100BFFF7E4BB86
:10A97000099A049E52F8041B002047F630038642D1
:10A98000ADF860308DF85F000B46C0F2DB832BF032
:10A99000800545F0020B002940F0D683002E00F020
:10A9A000E686099230230122CDE90A210E918DF825
:10A9B0003F3102960DF23F154FF078098E4608910F
:10A9C0000C91A5E31BF0200F40F02583099A1BF0A2
:10A9D000100F52F8043B41F05E831BF0400F00F073
:10A9E000E9859BB2099258460021C5E6069B02996B
:10A9F0005E1A002E7FF795AC8B49259B0F91102E88
:10AA000024DD38464FF010082F4619462546864C5F
:10AA100004E0103E102E00F1080013DD0131103269
:10AA20000729C0E90048CDE92512F2DD079924AADB
:10AA3000504601F04FFBE8B9103E102EDDE925121B
:10AA400027A8EBDC2C460B463D46074601330F9901
:10AA500039603244072BCDE925327E6000F36385EF
:10AA600008375EE4079924AA504601F033FB00281A
:10AA70003FF481AC089B002B3FF4F8AB089950469B
:10AA8000FEF7E0FD079B9B8903F04003FFF7F2BB55
:10AA9000109B11991A44C7E90013259B2692013394
:10AAA000072B259300F3068707F108010028C1F260
:10AAB0001E810D980D6001330244072BCDE925322C
:10AAC000486046DD079924AA504601F003FB0028A0
:10AAD000D0D1269A27AF3AE40D98259B012802F1A0
:10AAE000010203F1010307F1080140F36481012031
:10AAF000072BCDE925323D60786000F32C82109859
:10AB0000119E01330244072BC1E90060CDE92532D3
:10AB100000F32D8208310D98B5EE408BF1EE10FA5E
:10AB200000F1FF3600F05F81013301353244072B1D
:10AB3000CDE925320D604E6000F34981083112984D
:10AB4000486001330244072B1CA8CDE92532086078
:10AB5000B8DC01F10807FFF7FABB07990F9324AAA5
:10AB6000504601F0B7FA002884D1269A0F9B27AFF0
:10AB7000FFF7D4BB07990F9324AA504601F0AAFA15
:10AB800000287FF477AF269A0F9B27AFFFF7B5BB5E
:10AB9000102D259B41F3D580A046DDF81C90234C59
:10ABA000102604E0103D102D07F1080715DD0133D4
:10ABB0001032072BC7E90046CDE92532F2DD24AA81
:10ABC0004946504601F086FA00287FF453AF103D05
:10ABD000102DDDE9253227AFE9DC214644468846C1
:10ABE00001332A44072BC7E90085CDE925327FF7D9
:10ABF000B7AB079924AA504601F06CFA00287FF4FD
:10AC000039AF269AFFF7ACBB049950AA521B914268
:10AC10004FF00003B8BF1146CDE90B3308930A92F9
:10AC200002910E93FFF74FBB1C0C00208005002003
:10AC30001998002840F300840B9B0D998B42A8BF04
:10AC40000B46002B98460ADD1A44C7E90053259BA2
:10AC500026920133072B259300F3B48708370B9E08
:10AC6000B8F1000FA8BFA6EB0806002E00F3AB82D8
:10AC70000B9B1BF4806F03EB050940F0CA82199B04
:10AC80000D998B4203DB1BF0010F00F07D851099BD
:10AC900011980A44C7E90001259926920131072934
:10ACA000259100F39B8708370D996E18A6EB0906CE
:10ACB000CD1AAE42A8BF2E46002E0BDD259BC7F84D
:10ACC000009001333244072B7E602692259300F3D7
:10ACD000D3870837002EA8BFAD1B002D7FF737ABF9
:10ACE000B949259B0F91102D40F31184A146DDF841
:10ACF0001C8010260C4604E00837103D102D40F350
:10AD0000058401331032072BC7E90046CDE925320F
:10AD1000F2DD24AA4146504601F0DCF900287FF418
:10AD2000A9AEDDE9253227AFE7E72599102E404689
:10AD300040F361870F943A46A846079CA34D1F46EF
:10AD400004E0103E102E02F1080216DD0131103031
:10AD500010230729CDE9251015605360F1DD24AAE1
:10AD60002146504601F0B6F900287FF483AE103E2C
:10AD7000102EDDE9251027AAE8DC3B460F9C17467C
:10AD80002A464546904601F1010C3218BCF1070FE6
:10AD9000CDE925C2C7F800807E6000F336839DF8B8
:10ADA0005F100837002940F0F880002B3FF4B9AA63
:10ADB0000B46FFF7A5BA1BF0010F7FF498AE0120F8
:10ADC000072BCDE925323D6078607FF7B8AE079953
:10ADD00024AA504601F07EF900287FF44BAEDDE94D
:10ADE000253227A9ABE60D9801287FF7A8AE1128D8
:10ADF00075480F9040F3B783A046079F102504467F
:10AE000004E00831103E102E40F3AC8301331032C1
:10AE1000072BC1E90045CDE92532F2DD24AA3946E8
:10AE2000504601F057F900287FF424AEDDE92532C1
:10AE300027A9E7E7079924AA504601F04BF9002813
:10AE40007FF418AE269A27AFFFF771BA2D238DF83D
:10AE50005F30049B764268EB4808002BFFF643AD59
:10AE60000A2E78F100032BF0800BFFF441AD029421
:10AE7000CDF8289050A9DDF8509008974FF0000CBD
:10AE80000BF4806426E016EB0803514843F10003FD
:10AE9000A0FB032020F0030202EB90029B1AF31A9E
:10AEA0004B484FF0CC32B646474602FB03F268F1FE
:10AEB000000800FB0822A3FB0063BEF10A0F134445
:10AEC0004FEA560677F10007294646EAC3764FEA6D
:10AED00053082DD33E4D16EB080343F10003A5FBA9
:10AEE000032020F0030202EB90029B1AF31AA3FB4B
:10AEF000053268F1000005FB00225B0843EAC273DB
:10AF000003EB8303A6EB430330330CF1010C01F890
:10AF1000013C4D1E002CB6D099F800306345B2D1EB
:10AF2000BCF1FF0FAFD00A2E78F1000380F0B3839D
:10AF30000499029CCDF8509050AB5A1B9142B8BF77
:10AF40001146DDF82890089F9DF85F30CDF834C099
:10AF50000A920291DAE4079924AA504601F0BAF85D
:10AF600000287FF487ADDDE9253227A9C7E50799D9
:10AF700024AA504601F0AEF800287FF47BADDDE94D
:10AF8000253227A9C7E51BF0010F3FF4E0A9FFF721
:10AF90000FBB09932378FFF7CFB81E460023FFF7B6
:10AFA0009EB9099A0432099909920E684FEAE67827
:10AFB0009B46434685E4099B1A1D099B09921B6821
:10AFC0000021FFF7D9BB00BF1C0C0020800500202A
:10AFD000CDCCCCCC099A1BF0100052F8043B41F0C8
:10AFE00057801BF0400100F0A8818DF85F009BB2F4
:10AFF00004994FF0000841451E46C0F2A9812BF08C
:10B00000800B002B40F0A481049B0992002B3FF49D
:10B010003CAC00266CE45846FFF7A5BB5B4646E413
:10B02000B5EEC08BF1EE10FA2BF0800B00F11E8311
:10B030009DF85F30B9F1470FCCBFA44DA44D002B54
:10B0400040F052870322CDE90B3308930A92049310
:10B050000E930292FFF737B91BF0100F40F07C827D
:10B060001BF0400F40F0A7831BF4007F00F07482B8
:10B07000099A0599126811706BE4964E1BF0200F27
:10B0800000F07D81099B073323F007031A465868B7
:10B0900052F8083B09921BF0010140F05C81049AD0
:10B0A0008DF85F10002AC0F28B8153EA00022BF466
:10B0B000906B00F0948103F00F02B25C8DF83F2199
:10B0C0001B0943EA0073020953EA10100DF23F1501
:10B0D0000BD003F00F001B09305C05F8010D43EAAB
:10B0E0000273120953EA0200F3D1049A50AB4FF0F5
:10B0F000000E5B1B9A42CDE90BEEB8BF1A460A93CD
:10B100000292CDF820E0CDF838E000293FF4DBA82A
:10B11000029BDDE925C2023302931BF084039046B3
:10B12000614604D1069E0298361A002E06DCBEF156
:10B13000000F3FF4E5A80226FFF7D1B80223F5E59A
:10B14000654E9BE74BF0020B0992634E03F00F0232
:10B150000221B25C4FF07809B0E7099B1B688DF8BB
:10B16000DC30012302930A9337ADFFF7A6B90799A4
:10B1700024AA504600F0AEFF00287FF47BAC269A4C
:10B1800027AFFFF722BA049B0895062B28BF06239A
:10B1900002930A932B460495CDE90B334F4DCDF81E
:10B1A00024800E93FFF78FB840215046FDF79AF99F
:10B1B000079B18601861002800F06087079A4023F9
:10B1C0005361FEF783BF102E259B40F32E87444822
:10B1D000DDF81C800F9039464FF01009074604E057
:10B1E0000831103E102E40F32B8201331032072B12
:10B1F000C1E90079CDE92532F2DD24AA4146504665
:10B2000000F068FF00287FF435ACDDE9253227A97E
:10B21000E7E70D9BDDF83880CDF83CB0EB180493E0
:10B220000C9BDDF81CB00B94002B4E463946DDF824
:10B230005090159F0E9531DDB8F1000F40F32B8132
:10B2400008F1FF382598139B01303A440728C1E9DB
:10B2500000372692259000F39F800831049B99F8CF
:10B2600000009D1B8542A8BF0546002D0CDD2598DA
:10B2700001302A440728C1E900652692259000F391
:10B280005E8199F800000831002DACBF441B0446D4
:10B29000002C14DC06440C9B002BCDDCB8F1000F15
:10B2A000CEDCDDE90D35EB189E42CDF850900B9CBD
:10B2B000DDF83CB0B1460F4628BF9946DFE4102CBC
:10B2C0002598074B2BDD10250A9310E0980A0020E3
:10B2D000940A0020B80A0020A40A0020CC0A00200A
:10B2E0001C0C0020103C102C01F1080116DD01306F
:10B2F000AE4B10320728C1E90035CDE92502F1DD5A
:10B3000024AA5946504600F0E5FE00287FF4B2AB6F
:10B31000103C102CDDE9250227A9E8DC0A9B0B6014
:10B32000013022440728CDE925024C6000F3588300
:10B3300099F8000008310644ADE71BF4007840F0AE
:10B34000328204998DF85F8000291E46BFF657AE01
:10B350000992FFF7C8BA53EA000237D030228DF8BD
:10B36000602000228DF85F20049A8DF86190002AF9
:10B3700023DB2BF4906242F0020B02219BE6099A38
:10B380001BF0100F52F8043B099214D11BF0400F30
:10B390000DD09BB200207EE624AA5946504600F00C
:10B3A00099FE00287FF466AB269A27A956E71BF47E
:10B3B000007F40F0F58100206DE64BF0020B02218A
:10B3C00003F00F022BF4806BB25C77E6049B002144
:10B3D0008B428DF85F10C0F241812BF4906B049A80
:10B3E000002A00F0CB80012A33788DF83F31B8BFB6
:10B3F0000122002302920122CDE90B3308930A9225
:10B400000E930DF23F15FEF75EBF07990F9324AA26
:10B41000504600F05FFE00287FF42CAB9DF85F10D3
:10B42000269A0F9B002900F0AC801E46DDF894C0E0
:10B43000034627AFFEF753BF259B5D4939600133B3
:10B4400001320121072B26922593796000F37C813C
:10B45000083700287FF41CAB0D990BF001030B4358
:10B460003EF475AF109B11991A44C7E90013259B50
:10B4700026920133072B259300F31C8207F1080164
:10B48000FFF717BB049B0A93CDE90B330E93089388
:10B4900050ADFEF718BF0C9B013B09F1FF390C932F
:10B4A000D0E6079924AA504600F014FE00287FF445
:10B4B000E1AA269A27AFFFF776B80822002122A832
:10B4C0001B95FDF7BDFE049B002B7DDB002602943F
:10B4D000CDF82080344698460EE037A9504601F05A
:10B4E000F9FF411C204400F09484404509DC06F13A
:10B4F000040600F0008504461B9A925922AB002AEC
:10B50000EBD10A94DDF82080029C6AE04C460133BE
:10B510000F9939602A44072B7D60CDE925327EF7EB
:10B5200015AFFFF7CFBA079924AA504600F0D2FD15
:10B5300000287FF49FAA269A27AFFEF7F2BE24AA1E
:10B540005946504600F0C6FD00287FF493AA99F8AA
:10B550000000269A27A997E6099A059912681160B2
:10B56000FFF7F7B9444601330F9808603244072BC0
:10B57000CDE925324E607FF7E1AA28E4049BFFF76E
:10B5800084B9002B00F00981DDF894C00B4627AF89
:10B59000FEF7B6BE1BF4007F16BF46F3C0184FEA95
:10B5A000E67876B24346FFF78CB900BF1C0C00204A
:10B5B000D40A00201BF4007100F0F980DBB209927C
:10B5C00058460021FFF7D8B822AB009300231BAAEE
:10B5D0001946504601F0A6FF0A90013000F0198488
:10B5E0001B950A9B002B00F09F80632B00F34C817E
:10B5F0000023089337AD0822002122A8FDF720FE82
:10B600000A9E22AB00931BAA33462946504601F0FE
:10B6100089FF864240F042850A9A0023AB5422EA11
:10B62000E27202929DF85F20049312B1029A0132F5
:10B630000292CDE90B33CDF824800E93FEF743BE82
:10B640000F4601330F9939603244072BCDE925327B
:10B650007E6000F323810837FFF70ABB33788DF84B
:10B660003F312BF4806B0DF23F153EE52D238DF815
:10B670005F30B9F1470F4FF000030893049340F394
:10B68000E6800322964D0A92CDE90B330E930423F4
:10B690000293FEF718BE159A1399AD1A2846FDF7C6
:10B6A00013FE99F801300BB109F101098D4A16EB2F
:10B6B000080343F10003A2FB030727F0030000EB9C
:10B6C00097001B1AF31A4FF0CC3168F1000803FB06
:10B6D00001F102FB0811A3FB023001445B0843EABD
:10B6E000C1764FEA510816EB080343F10003A2FBB1
:10B6F000031020F0030101EB90015B1AF31AA3FB86
:10B70000023168F100005B0802FB001243EAC273D9
:10B7100003EB8303A6EB4303303305F8013C4FF002
:10B72000010C013DFFF7F8BB9DF85F30CDF8248098
:10B73000003B18BF012302930A9B0493CDE90B330E
:10B740000E930893FEF7BFBD079924AA504600F058
:10B75000C1FC00287FF48EA91998269A27AF78E6B5
:10B760009DF85F3002920A9250ADFFF7CFB8049B6C
:10B770000992CDE90A330E930C93029350AD4FF02A
:10B7800078099E460893C3E46E18A6EB0906CD1A05
:10B79000AE42A8BF2E46FFF79DBA27AFFEF7C1BD48
:10B7A000DBB2002077E48DF85F10DBB220E4099271
:10B7B0005846FEF7E1BF099A059912681180FFF714
:10B7C000C8B822AB01931BAB0093B0EE470B049AB1
:10B7D00019AB022150468DED027B00F065FF9DED17
:10B7E000027B05461BF0010F40F05582229B5A1B3D
:10B7F000199B0D92D81C0B93C0F2018204999942B7
:10B80000C0F20B819A4200F392820B9B0A931BF4C5
:10B81000806F03D00B9B002B00F32D830A9B23EA40
:10B82000E373C34602934FF0670900230E930C9312
:10B830000BF00201002E00F0CA804FF02D0E8DF8A3
:10B840005FE0029B01330293002304935DE4032233
:10B85000254D0A9218E72846FDF732FE9DF85F3025
:10B860000A9020EAE0720292002B3EF40CAFFEF741
:10B8700008BF079C24AA2146504600F02BFCA38950
:10B8800003F04003FEF7F6BC591C5046FCF72AFEB5
:10B890000546002800F0F6830890ACE6079924AA34
:10B8A000504600F017FC00287FF4E4A8269A27AF42
:10B8B000FFF7DEB9079924AA504600F00BFC0028D8
:10B8C0007FF4D8A8DDE92532199827A9FFF7EEB84B
:10B8D00000230893062304934BF48078FEF787BD7A
:10B8E000980A0020CDCCCCCC940A0020049B0133D4
:10B8F0000D93022122AB01931BAB0093B0EE470BDB
:10B9000019AB0D9A50468DED027B00F0CDFE0D9BDC
:10B9100029F0200CBCF1460F9DED027B054600EBA3
:10B92000030100F09880B5EE407BF1EE10FA00F0D4
:10B93000D882229B994288BF4FF0450C40F2CF82BB
:10B9400030205A1C22921870229B8B42F9D35B1B29
:10B950000D93BCF1470F199B0B9356D0BCF1460FCA
:10B9600000F08F800B9B8DF87090013B002B19939A
:10B97000C0F24C812B22092B8DF8712000F34F81EE
:10B9800030228DF872200DF17302303302F8013B42
:10B990001CABD31A12930D9B129A012B1A440A92D4
:10B9A00040F341820A9B109A13440A930A9A2BF49B
:10B9B000806343F4807B22EAE2720023CDE90B33FB
:10B9C0000E93029234E7049B0D93032192E79DF8B6
:10B9D0005FE0BEF1000F7FF434AF0496FFF795BB34
:10B9E00024AA5946504600F075FB00287FF442A86F
:10B9F00099F80000269A27A906444CE4199B0B935A
:10BA00004B1BBCF1470F0D933BD10B9B0333C0F293
:10BA1000F680049B0B9A93420FDA0B9B013BA9F132
:10BA20000209002B8DF870901993A3DA0B9B2D223D
:10BA3000C3F101038DF87120A2E70D9B0B9A93428D
:10BA400000F375811BF0010F0B9B00F0B282109A7E
:10BA500013440A93DBE62B78302B00F06182199BAC
:10BA60001944B5EE407BF1EE10FAC7D0229B8B4211
:10BA7000FFF466AF5B1B0D93BCF1470F199B0B9353
:10BA8000C3D00B99049A0BF00103002943EA020387
:10BA900040F3CF82002B40F01A820B9B0A934FF0A9
:10BAA00066091BF4806F40F0E8810A9B23EAE37388
:10BAB000C3460293B9E647F63003ADF86030049B05
:10BAC000632B4BF0020B00F35C8118EE903A002BD5
:10BAD000C0F23B81B0EE480B19A800F0B1FCB4EE07
:10BAE000007B20EE077BB5EE407BF1EE10FA40F0D4
:10BAF000408201230026199337AD0896AE48049979
:10BB0000B3EE004B2B4606E0B5EE407BF1EE10FAAB
:10BB100000F00F82114627EE047BFDEEC76B4A1E34
:10BB200016EE90CA10F80CE0B8EEE65B9C4637EED5
:10BB3000457B03F801EB0029E6D1B6EE005BB4EEDD
:10BB4000C57BF1EE10FA08DCB4EE457BF1EE10FA9D
:10BB50001ED116EE902AD2071AD5CDF888C013F858
:10BB6000011C90F80FC08C451A460AD14FF0300ED8
:10BB700002F801EC229A511E229112F8011C614533
:10BB8000F6D0392916BF0131817AC9B202F8011CF9
:10BB9000199A5B1B0D93B9F1610F02F1FF331993F1
:10BBA00000F01F8250214FF04109002B8DF87010DA
:10BBB000C0F20E822B22092B8DF871202FDC0DF1A3
:10BBC0007202E2E6079924AA504600F083FA0028A0
:10BBD0007EF450AF269A27AFFFF741B8079924AA01
:10BBE000504600F077FA00287EF444AF199B269A5D
:10BBF00027AFFFF759B8DFF8CC81FFF7C4B80B9B2C
:10BC0000A9F10209013B8DF8709019930B9A2D232D
:10BC10008DF87130C2F101030832BFF6B1AE0DF1FB
:10BC20007F0CDFF8A4E162461046AEFB0312D20897
:10BC300002EB8201A3EB41013031632B00F8011CC0
:10BC4000134600F1FF32EFDC303302F8013C831E73
:10BC5000634580F0C8810DF1710213F8011B02F8F1
:10BC6000011F6345F9D103F5A0736B44CC3B1B1A4C
:10BC70001CAA9B1A12938EE6079924AA504600F03C
:10BC800029FA00287EF4F6AE199D0D9B269A5D1BBD
:10BC900027AFFFF71FB8049B4FF0470CE918E0E609
:10BCA00000230C460493FEF749BA45F63003ADF87D
:10BCB0006030049B632B4BF0020B62DC18EE903A71
:10BCC000002B42DBB0EE480B19A800F0B9FBB4EE34
:10BCD000007B20EE077BB5EE407BF1EE10FA01D140
:10BCE0000123199300263548089637AD07E74642E9
:10BCF000103033480F9052DA1027804603E00831A5
:10BD0000103E102E4BDD01331032072BC1E90087A6
:10BD1000CDE92532F3DD079924AA504600F0DAF97F
:10BD200000287EF4A7AEDDE9253227A9E8E70D9BC0
:10BD3000109A9A180B9B0A92002B79DD4FF0670935
:10BD4000AFE6DFF88080FEF74BBF0023089337ADE6
:10BD50002D26B1EE487BB0EE470B19A800F070FB22
:10BD6000B4EE007B20EE077BB5EE407BF1EE10FADF
:10BD700004BF01231993B9F1610F3FF4BFAE0F481F
:10BD8000BDE6049B5046591CFCF7ACFB0546002859
:10BD900000F03D8108904BF48078FEF728BB01331A
:10BDA0000F9808603244072BCDE925324E6000F32E
:10BDB00002810831FEF77DBEA40A0020B80A0020E7
:10BDC0001C0C002080050020CDCCCCCC049A002A8D
:10BDD00000F0D480002BC0F22481B0EE487B002616
:10BDE00022AB01931BAB0093B0EE470B19AB049A47
:10BDF000022150468DED027B00F056FC00239DEDA4
:10BE0000027B05460893EDE42D26B1EE487BFEF754
:10BE1000F6BA079B9B890022089243F04003079AD9
:10BE20009381FEF727BE1BF0010F3FF4BFADB9E5CC
:10BE3000C3F101031A4422EAE273C3460A92029351
:10BE40004FF06709F1E418EE903A13F000432BF03D
:10BE5000800B0B9300F09A802D238DF85F30B9F1A1
:10BE6000470F4FF000030893049340F3F880032238
:10BE7000944D0A9208E44FF0670914990B78FF2B50
:10BE800000F0F88000200B9A0E90844603E0013009
:10BE90000131FF2B09D0934207DAD21A4B78002BDD
:10BEA000F5D10B780CF1010CF3E7CDE90B201491DF
:10BEB000CDF838C00C9A0E9B159913440A9A01FBD1
:10BEC00003230A9323EAE373C3460293B0E4109B6F
:10BED00002EB01094B440A934FF06609E1E55B1B55
:10BEE0000D93199B0B933DE50023032208930A92BF
:10BEF0000493FFF7C9BB049B029CDDF820800A93E2
:10BF0000FFF76FBBCDF824801BB3049B0A935A1C28
:10BF1000029204900E900C904FF07309FEF7D3B983
:10BF2000B5EE407BF1EE10FA1ED1199B0B9319442C
:10BF300066E5002A0491FFF62BAE0499302001EB50
:10BF4000030C194601F8010B6145FBD11A44531C3F
:10BF50001EE6049B0A930293089B0E930C93049392
:10BF60004FF07309FEF7AFB90D9BC3F101031993AD
:10BF700076E500265448089637ADC0E5934273DB5A
:10BF8000B0EE487B0123049E049329E79DF85F30BF
:10BF9000B9F1470FCCBF4B4D4C4D002B40F0868084
:10BFA000032204930A920E930C9308930292FEF7D5
:10BFB0008AB90A932BE4079924AA504600F08AF81C
:10BFC00000287EF457ADDDE9253227A9FEF771BDC3
:10BFD0002D238DF87130C2F101030832FFF61FAE38
:10BFE000EDE57021E1E502231293D4E4CDE90B33B2
:10BFF00008930E93FEF767B9099A63780C4652F8D6
:10C00000041B099241EAE1710491FEF795B8079A81
:10C01000938943F0400393814FF0FF330593FEF77C
:10C020002CB92D26B1EE487BDAE629490F91FFF7AE
:10C0300008BBC34633B9012302934FF066090A9344
:10C04000FFF7F3BB109B03F10109049B4B440A93D8
:10C0500023EAE37302934FF06609FFF7E6BB03227E
:10C060001A4D0A92FFF710BB01232D260493B1EE5F
:10C07000487BB5E600230E930C931BE70C23CAF80C
:10C080000030C9E7079B08909B8943F04003C6E650
:10C090005946FEF7C2BB5846FEF78FBF079B9B89E8
:10C0A00043F04003BBE65B46FEF77DBF00230493ED
:10C0B0000E930C93089303230A9304230293FEF731
:10C0C00002B900BFA00A0020A40A00209C0A002098
:10C0D0001C0C00202DE9F0411546926802B32C6833
:10C0E00007468846083401E00834C9B16B68581E19
:10C0F000002B1146686013DD54F8046C002EF3D059
:10C10000334654F8082C4146384602F0A1FB431C44
:10C1100007D0AA68921B1146AA6008340029E5D10D
:10C1200000200023C5E90133BDE8F08170B5002986
:10C1300041D006460C4610B1436B002B3ED0FCF7B5
:10C140000BFF636EB4F90C20DD0730D4900538D5B1
:10C150002146304600F04CF8E36A054633B1E16908
:10C16000304698470028B8BF4FF0FF35A3891A061C
:10C1700039D4216B41B104F14003994202D03046D9
:10C18000FDF760FA00232363616C21B13046FDF7AF
:10C1900059FA00236364636E0022DB07A2811ED577
:10C1A000A06DFDF761F9FCF7DDFE284670BD002AA1
:10C1B000CED1FCF7D7FE0025284670BDFCF7AEFEB9
:10C1C000BDE7A06DFDF752F9B4F90C30002BBFD1DB
:10C1D000636ED907EDD4A06DFDF74AF9E9E7A06DCC
:10C1E000FDF746F9DCE721693046FDF72BFAC0E799
:10C1F000B1F90C202DE9F041804610070C4650D4CF
:10C20000496842F400630029A38164DDA66A002E18
:10C2100044D0002112F48052D8F80050C8F8001021
:10C2200065D1E16901234046B047411C02466CD00C
:10C23000B4F90C30A66A5B0705D56368D21A236B84
:10C240000BB1E36BD21A0023E1694046B047471CAB
:10C25000B4F90C304DD1D8F800101D2940D8304A1F
:10C26000CA40D6073CD52269226023F40062A2812D
:10C27000D9044FF00002626003D5D8F80030002BDB
:10C2800041D0216BC8F8005041B104F140039942FC
:10C2900002D04046FDF7D6F9002323630020BDE815
:10C2A000F0810E69002EF9D00D680E6092070CBF68
:10C2B0004B690023AD1B8B600AE02B463246E169D7
:10C2C000676A4046B8470028A5EB0005064406DD2E
:10C2D000002DF2DCE2E7E16B002997DCDEE7A389C1
:10C2E00043F04003A3814FF0FF30BDE8F081226DA1
:10C2F000A1E72269226023F40062A281DB044FF0EF
:10C3000000026260BDD52065BBE7D8F80030002B85
:10C310008ED01D2B01D0162BE1D1C8F80050BDE7FF
:10C320000100402000B5034683B008B1426B52B310
:10C33000B1F90C0098B14A6ED20701D4820512D52A
:10C3400018460091FFF754FF00994A6E0346D00744
:10C3500002D48A8992050ED5184603B000BD034663
:10C36000184603B000BD886D01930091FDF77EF87B
:10C37000DDE90013E4E7886D0093FDF779F8009B91
:10C38000184603B000BDCDE90001FCF7C7FDDDE9AB
:10C390000031CDE7004870479C17002000000000E6
:10C3A00001F0FF01102A2BDB10F0070F08D010F866
:10C3B000013B013A8B422DD010F0070F42B3F6D16A
:10C3C000F0B441EA012141EA014122F007047FF083
:10C3D00000070023F0E80256083C85EA010586EADA
:10C3E000010685FA47F5A3FA87F586FA47F6A5FA16
:10C3F00087F68EB9EED1F0BC01F0FF0102F0070222
:10C4000032B110F8013B013A83EA010313B1F8D1CC
:10C410000020704701387047002D06BF35460338AD
:10C42000073815F0010F07D1013015F4807F02BFE6
:10C43000013015F4C03F0130F0BC0138704700BF37
:10C440004DF804BD83B08DED000B019ADFF870C08C
:10C4500022F0004300216345016025D8DDF800C0CB
:10C4600053EA0C0C20D0DFF85CC002EA0C0CBCF1E3
:10C47000000F0AD19FED107B20EE077B8DED007B36
:10C48000019A6FF0350122F00043DDE900BC6FF343
:10C490001E5242F07F5C1B154CF4001CA3F2FE33CD
:10C4A000CDE900BC0B4403609DED000B03B05DF8CB
:10C4B00004BB7047AFF30080000000000000504351
:10C4C000FFFFEF7F0000F07F00B50B4C246886462D
:10C4D00085B0E0689C460C4652B108490094CDE90D
:10C4E000011273460649624601F028F8FAF732FE57
:10C4F00004490A46F2E700BF2C180020D80A0020A1
:10C50000E80A00203009002010B5A1FB021482B017
:10C5100074BBFBF7E7FF034670B350F8042C22F01E
:10C520000302043A242A10D8132A16D91B2AC0E978
:10C5300000441AD9242AC0E902440ABFC0E90444CD
:10C5400000F1100100F1180108E021460190FCF70C
:10C5500077FE019B184602B010BD01460022184626
:10C56000C1E900228A6002B010BD00F10801F5E7C0
:10C57000FCF74CFF0C2303600023184602B010BDEB
:10C580002DE9F04F03690C69A34283B0C0F28880A3
:10C59000013C01F1140500F1140855F8243058F855
:10C5A0002420013308EB84069A4200964FEA840B5C
:10C5B00005EB8407B2FBF3F63AD300230191C6469C
:10C5C00029469C4651F8042BDEF800901FFA82FAA7
:10C5D00006FB0A334FEA134A120C06FB02A29BB277
:10C5E0001FFA89FAAAEB030363441FFA82FCCCEB1F
:10C5F000234C0CEB194C9BB243EA0C438F424EF890
:10C60000043B4FEA2C4C4FEA1243DBD258F80B3074
:10C6100001996BB9009B043B984504D307E098450A
:10C6200004F1FF3403D21A68043B002AF7D00461F6
:10C630008146FDF7DDFB00282EDB01364146002256
:10C6400055F8040BD1F800C01FFA80FE1FFA8CF3D6
:10C65000A3EB0E031344020CC2EB234202EB1C4279
:10C660009BB243EA0243AF4241F8043B4FEA224205
:10C67000E6D258F8242008EB84036AB9043B9845B5
:10C6800004D307E0984504F1FF3403D21A68043B51
:10C69000002AF7D0C9F81040304603B0BDE8F08F4B
:10C6A000002003B0BDE8F08F2DE9F04F93B08DED81
:10C6B000000B0491816B1C9D069257EC106B044695
:10C6C000089341B1C26B4A60012393408B60FDF730
:10C6D00005F90023A363B7F10008B4BF01230023C9
:10C6E0002B60A34BBCBF28F00048CDF8048033EA90
:10C6F000080300F092809DED007BB5EE407BF1EEEB
:10C7000010FA0DD1089A012313601D9B13B11D9AD5
:10C71000984B1360984B0293029813B0BDE8F08FCA
:10C7200010AAB0EE470B11A920468DED027BFDF754
:10C730003FFC5FEA18539DED027B109A834640F060
:10C740008280119B134403F23241202940F3E2819D
:10C75000C1F1400108FA01F803F2124126FA01F191
:10C7600048EA010106EE101AB8EE466B013B16EEE0
:10C77000901A4FF00108A1F1F8719FED772BB7EEF9
:10C78000081B9FED775B9FED784B06EE901A03EE4A
:10C79000903A36EE416BB8EEE33BA6EE025BB0EEAC
:10C7A000456BA3EE046BFDEEC65BB5EEC06BF1EE20
:10C7B00010FACDED055A00F1C0800599D21A16295C
:10C7C00002F1FF3A00F2A4806C4B03EBC10393ED3E
:10C7D000006BB4EEC67BF1EE10FA00F1A281002AE4
:10C7E00040F3C0840027CDE90A178A440023099347
:10C7F000049B092B3DD8052BC4BF043B0493049B29
:10C80000A3F10203CCBF00250125032B33D8DFE8B9
:10C8100013F0FA01F701ED019201089AC8F3130829
:10C8200042F20F7358EA060813601BD11D9B002BC0
:10C8300000F04286524B029308331D9A029813600F
:10C8400013B0BDE8F08F17EE901AB0EE476BC1F34E
:10C85000130141F07F51A3F2FF3341F440114FF037
:10C8600000088AE71D9B002B40F06181454B029335
:10C8700052E7002304930025E563294620468DED09
:10C88000067BFDF701F89DED067B0290002800F085
:10C89000B485119A029BA363002A75DB05990E29C2
:10C8A00072DC364B03EBC10393ED003B87EE036B69
:10C8B000BDEEC66B029916EE103A303301F8013B1B
:10C8C0004FF0FF39B8EEC65BA5EE437B0123B2EE15
:10C8D000044B11E087EE036BBDEEC66B013316EE21
:10C8E000102A4B4502F13002B8EEC65B01F8012B6D
:10C8F000A5EE437B00F0A38427EE047BB5EE407BDE
:10C90000F1EE10FAE6D1059B013304930D46ECE0FD
:10C9100001230B93059BBAF1000FBABFC2F10107C7
:10C920004FF0000A0027002B80F2F180059BFF1AD0
:10C930005B42099300230A935AE7B8EEE55BB4EE35
:10C94000465BF1EE10FA3FF438AF059901390591D5
:10C9500033E700BFAFF3008061436F63A787D23F27
:10C96000B3C8608B288AC63FFB799F501344D33FDE
:10C970000000F07FD50A0020D40A0020A802002081
:10C98000180B0020240B00204FF0FF390695CDF83E
:10C990003090B8F1000F00F0E984DDF8248002F255
:10C9A0003342012120469244BD18FDF75DF806464A
:10C9B000002F40F09F82099B002B00F09383B8F179
:10C9C000000F40F077835946099A2046FDF73EF95B
:10C9D00001238346099301212046FDF745F80A9B70
:10C9E0008046002B40F04582049B012B40F3AA8235
:10C9F0000120504410F01F0000F008811B2800F3B4
:10CA0000D582C0F11C00054407448244002D05DD99
:10CA100059462A462046FDF775F98346BAF1000FBC
:10CA200005DD414652462046FDF76CF980460B9BDA
:10CA3000002B40F00082B9F1000F40F3D781099B31
:10CA4000002B40F02481059B01330493029F0125B4
:10CA500007E0594600230A222046FCF749FF01352A
:10CA6000834641465846FFF78BFD4D4500F1300A9D
:10CA700007F801ABEDDB029BB9F1000F03F10102F6
:10CA800009F1FF394FF00003D8BF4FF0000991447E
:10CA90000093594601222046FDF734F9414683466A
:10CAA000FDF7A6F9002840F32083029A02E09145A1
:10CAB00000F026834D4609F1FF3915F8013C392B6A
:10CAC000F5D0013389F8003041462046FCF706FFD7
:10CAD0005EB1009B2BB1B34203D019462046FCF750
:10CAE000FDFE31462046FCF7F9FE59462046FCF78C
:10CAF000F5FE00232B70089B049A1A601D9B002BE7
:10CB00003FF40AAE02981D6013B0BDE8F08F9A445E
:10CB10000A936BE6C1F1200106FA01F106EE101A44
:10CB200022E6059B013B059300230B93F2E6AC4BF9
:10CB30000293033381E601230D93DDE905231344BA
:10CB400003F101094E46012E0C93B8BF0126172EA2
:10CB500040F39C84012204235B0003F11400B042E3
:10CB6000114602F10102F7D9E16320468DED0E7BFB
:10CB7000FCF78AFE0290002800F03F84B9F10E0F06
:10CB80009DED0E7BA06346D8002D44D00599002969
:10CB900040F3F182934B01F00F0203EBC203CD058A
:10CBA00093ED006B4FEA211340F18A838E4A92ED98
:10CBB000085B03F00F03032187EE054B002B00F009
:10CBC000FB81894A01E05B100832D80703D45B106F
:10CBD0000832DE07F7D592ED005B5B1001F1010131
:10CBE00026EE056B00F0E8810832F2E701230D9391
:10CBF000069B002B40F38B81069E0C96B146A6E760
:10CC000000230D9399E700230D93F1E71C200544C1
:10CC100007448244FAE6119A002AC0F24081059B3B
:10CC20000E2B00F33C816F4B059A03EBC20393ED8F
:10CC3000003B069B002B80F2ED82B9F1000F00F360
:10CC4000E98240F08682B1EE046B23EE066BB4EE0F
:10CC5000C67BF1EE10FA494640F27C82029D3123F8
:10CC600005F8013B2046FCF739FE059B023304938F
:10CC70003BE7314600230A222046FCF739FE0C9B95
:10CC8000002B064640F3FA83DDF830900595002F1F
:10CC900005DD31463A462046FDF734F806460A9B44
:10CCA000002B40F0F6823746029D6B1E4B440A93E0
:10CCB000009B03F001030C9341465846FFF760FCCC
:10CCC00031460B9000F1300A5846FDF791F8414685
:10CCD00081463A462046FDF7ABF8C3680146002B73
:10CCE00036D109905846FDF783F8099906902046F9
:10CCF000FCF7F4FD069A002A5AD1049B1BB90C9B41
:10CD0000002B00F0A483B9F1000F43DB0A9BA94676
:10CD10009D4209F801AB00F0D782594600230A2250
:10CD20002046FCF7E5FDBE42834631464FF0000346
:10CD30004FF00A02204635D0FCF7DAFD39460646A8
:10CD400000230A222046FCF7D3FD4D460746B3E7F1
:10CD50002046FCF7C3FDB9F1000F08DB009B03F090
:10CD60000102049B49EA030952EA09022ED15946FD
:10CD700001222046FCF7C6FF41468346FDF738F8FE
:10CD8000002840F34183BAF1390F00F024830B9B54
:10CD900003F1310A05F801AB059B009601330493BA
:10CDA0003E4691E6FCF7A4FD4D460646074683E75E
:10CDB000B9F1000FC0F28483049B49EA03090C9B7C
:10CDC00053EA090900F07C83002A9FDDBAF1390F8C
:10CDD00000F001830AF1010305F8013BDCE700BF25
:10CDE000240B0020A802002080020020049B022BBC
:10CDF0007FF725AEB9F1000F40F0008241464B4667
:10CE000005222046FCF774FD014680465846FCF793
:10CE1000EFFF484540F3F281029D312305F8013BC5
:10CE200041462046FCF75AFD059B02330493002E31
:10CE30007FF457AE59E641465846FCF7D9FF002823
:10CE4000BFF6F9AD594600230A222046059DFCF79E
:10CE50004FFD099B013D8346002B7FF40AAF0C9BDD
:10CE6000002B40F3FE82059BDDF83090049305957E
:10CE7000ECE51A4601462046FCF7E8FE049B012B30
:10CE8000804640F3F98100230A93D8F8103008EB6C
:10CE900083031869FCF77EFDC0F12000A9E50D9B16
:10CEA00073B9002F67D1099B002B74D11D461E4614
:10CEB00091E5119A002A03DB05990E297FF7B4AE9C
:10CEC000049B012B7FF765AD099B09F1FF384345B2
:10CED000C0F27781B9F1000FA3EB080880F2BE829F
:10CEE000A7EB0903012120460D93FCF7BDFD3D464C
:10CEF0000D9F0646BAF1000F7FF75DAD57453B46E3
:10CF0000A8BF5346ED1AFF1AAAEB030A53E5002106
:10CF1000E16320468DED067BFCF7B6FC9DED067BBC
:10CF20000290002800F06982029BA363002D40F06C
:10CF30009F81119AAA42C0F27C8201230C939946E8
:10CF400006936CE6009B002B7FF452AD019BC3F36C
:10CF50001303002B7FF44CAD019B23F000431B0D0A
:10CF60001B05002B3FF444AD012301350AF1010AF2
:10CF70000A9318463DE5BAF1000F00F0FE815745CF
:10CF80003B46099EA8BF5346FD1AAAEB030A2F464B
:10CF9000002E3FF420AD5946099A2046FCF756FE74
:10CFA0000023834609933D461E4614E51C283FF4A2
:10CFB0002DADC0F13C002AE684EE065B0B9B3BB135
:10CFC000B7EE006BB4EEC65BF1EE10FA00F1E08153
:10CFD000B1EE0C4B06EE901AB8EEE66BA6EE054BE2
:10CFE00014EE901A53EC142BA1F15073B9F1000F09
:10CFF00000F09B80DDF814C0484643EC142BB64B80
:10D00000029DFDEEC53B03EBC00212ED022B13EEB9
:10D01000902A02F1300E0D9A691CB8EEE36B0E46B1
:10D0200035EE466B002A00F05B81B6EE003B83EEE6
:10D03000025B35EE445BB4EEC65BF1EE10FA85F8A8
:10D0400000E000F32782B7EE001BB2EE043B0025A0
:10D0500018E001358542BFF62CAF26EE036B25EEB6
:10D06000035BFDEEC64B14EE902AB8EEE42B303293
:10D0700036EE426BB4EEC56BF1EE10FA01F8012BFF
:10D0800000F1DF8131EE464BB4EEC54BF1EE10FA04
:10D09000DFD5029A0CF1010C02E0914200F0978179
:10D0A0000D4611F8013D392BF7D001330B70CDF847
:10D0B00010C01AE5314642462046FCF7C7FD5A46E5
:10D0C000014606462046FCF7FDFC59460D902046D9
:10D0D000FCF704FC099BDDF834B0B3EB08030993BB
:10D0E0007FF471AC0123099375E403D11AF0010FA9
:10D0F0007FF4DBAC4D4619F8013D302BFAD0E3E468
:10D10000059B029A0233049331231370DCE406EE8C
:10D11000901AB1EE0C4BB8EEE66BA5EE064B14EE92
:10D12000901A53EC142BA1F1507343EC142BB1EE75
:10D13000046B35EE466BB4EEC46BF1EE10FA00F3FF
:10D140005681B1EE444BB4EEC46BF1EE10FA7FF5AC
:10D1500062AD00212046FCF7C1FB069B029D5B42AD
:10D160000493C2E4059B0A939A460023C2F1010787
:10D170000B93FFF73BBB00F00781059A564B5242D9
:10D1800002F00F0103EBC10393ED005B131127EED7
:10D19000055B00F07981514A022101E05B10083201
:10D1A000DD0703D45B100832D807F7D592ED006B8A
:10D1B0005B1001F1010125EE065B3FF4FFAE083282
:10D1C000F2E7099B0A9AA8EB03031A4401212046BF
:10D1D0000A92FCF749FCCA4407EB09050646CDF85C
:10D1E0002480002F3FF4EFAB57453B46A8BF534682
:10D1F000ED1AFF1AAAEB030AFFF7E5BB41462046EA
:10D20000FCF76CFB069B029D5B420493002E7FF4AF
:10D2100068AC6AE4029B5E1C87EE036BBDEEC66BD6
:10D22000029A16EE103AB9F1010F03F13003B8EE8D
:10D23000C65B31461370A3EE457B7FF447AB37EEF8
:10D24000077BB4EEC37B059BF1EE10FA03F10103FB
:10D2500004939C4608DCB4EE437BF1EE10FA05D152
:10D2600016EE103ADB0701D5029A19E70D463CE4A9
:10D270000C95A946069589E4009B002B7FF403AE2C
:10D28000DDE90012C2F31303002B00F0C4800A9101
:10D29000FBE571682046FCF7F7FA0546002800F028
:10D2A0000481336902339A0006F10C010C30F9F75E
:10D2B000E1FC294601222046FCF724FD0746F3E461
:10D2C0000221B0EE474B79E4059B009601333E46C0
:10D2D0000493FFF7DEBB00BFA802002080020020FD
:10D2E000029A24EE022B012882F800E014D0B2EE5C
:10D2F000043B029A151826EE036BFDEEC65B15EE95
:10D30000902A303201F8012BA942B8EEE54B36EEF7
:10D31000446BF0D1711E0144B6EE005B32EE054B5A
:10D32000B4EEC64BF1EE10FA3FF5B3AE35EE425B0C
:10D33000B4EEC65BF1EE10FA0DDC119A002AFFF68E
:10D34000B0AD059A0E2A3FF7ACAD059A03EBC203C8
:10D3500093ED003B60E70D46013915F8013C302B99
:10D36000F9D00CF101030493FFF7BFBB109ADDF86D
:10D370002480C2F13602FFF714BB099E002E7FF411
:10D380000AAE3D46FFF727BB0221B0EE475B15E62C
:10D39000B9F1000F3FF4BBAE0C9800287FF73BAC0F
:10D3A000B2EE043BB1EE0C4B013106EE901A25EEC5
:10D3B000035B059BB8EEE66BA5EE064B14EE901AE8
:10D3C00003F1FF3C53EC142BA1F1507315E60CF163
:10D3D000010C31236AE6A946392309F8013B059B74
:10D3E00000960133029A04933E46FFF763BB029D09
:10D3F000312305F8013B002134E4334B334800224C
:10D4000040F2AF11FFF760F87FF4C4AC1AF0010FDF
:10D410007FF4B9ACBEE4019B23F000431B0D1B0558
:10D42000002B3FF431AD012301350AF1010A0A93C3
:10D430002BE50D9B002B33D101230C9399460693CA
:10D440002FE50CF1010304930D46FFF74EBBBAF133
:10D45000390FC0D091453FF79AAC9BE44A46FFF79D
:10D46000A0BA049A022A05DC059A04929946059509
:10D47000FFF7ECBA0595DDF83090BBE4049A05950A
:10D48000022AF8DC994602E4022197E50021E163D3
:10D49000FFF76BBB0CF1010304930D46FFF725BBAF
:10D4A0000D9B069399460C930EE5074B07482A46B9
:10D4B00040F2EF21FFF708F8054B0293FFF72CB974
:10D4C000002A3FF754AC65E41C0A0020280B00201A
:10D4D000180B002030B5044687B05BB110480193AB
:10D4E000D0F8C85171B12046A847421C019B10D00A
:10D4F00007B030BD00F5827309480193D0F8C851D8
:10D500000029F0D10A46204603A9A847421C019BE6
:10D51000EED100218A221960226007B030BD00BF21
:10D52000C415002010B582B0049CCDE900344FF042
:10D53000FF3301F055FC02B010BD00BF0EB400B5C2
:10D5400082B003ABDFF81CC053F8042B01930146F3
:10D55000DCF8000000F008F802B05DF804EB03B05E
:10D56000704700BF2C1800202DE9F04FC5B00DF119
:10D57000500A8346049116460021082250461C4654
:10D580000B93FBF75DFEBBF1000F04D0DBF83430EA
:10D59000002B00F04987049B5A6EB3F90C30D0077A
:10D5A00040F14181990400F1A985049943F40053A5
:10D5B00022F400528B814A66930401F1AE80049BF1
:10D5C000B3F90C301D0740F1BD80049A1269002A9E
:10D5D00000F0B88003F01A020A2A00F0C28000238B
:10D5E000CDE91933CDE90E331BAADFF86C980D9302
:10D5F000189217460793B0464546D9F8CC41FBF739
:10D6000099FECDF800A003462A4612A95846A04725
:10D61000002800F0C580C0F2BB80129A252A03467C
:10D6200001D01D44E9E7B5EB0806044640F0BC8094
:10D63000002319468DF8433008934FF0FF326B7882
:10D64000059205F10108039108F101081946A1F1BD
:10D6500020035A2B00F2F280DFE813F0E603F0001B
:10D66000F000DF03F000F000F000BF03F000F00076
:10D6700007025302F00012020004F000F1035B0005
:10D680005B005B005B005B005B005B005B005B00C2
:10D69000F000F000F000F000F000F000F000F0000A
:10D6A000F000D8019F03F000F000F000F000F0005F
:10D6B000F000F000F000F000F0001902F000F000BF
:10D6C000F000AA01F000FB02F000F000BA05F00043
:10D6D000F000F000F000F000F000F000F000F000CA
:10D6E000F000D8016801F000F000F0009503680137
:10D6F0006D00F0008B03F0007D036A0320036D00D2
:10D70000F000AA016A005902F000F000FB05F000E9
:10D710006A00A1F13003002218F8011B02EB82021B
:10D7200003EB4202A1F13003092BF5D908928EE7F1
:10D7300098F8003088E7039B43F02003039398F8A0
:10D74000003081E7049D5846294601F05FFA002821
:10D7500040F0F687B5F90C3003F01A020A2A7FF47C
:10D760003EAF0499B1F90E20002AFFF638AF4A6E99
:10D77000D20702D49F0540F1908704992346324690
:10D78000584601F015F80790079845B0BDE8F08FAE
:10D79000082200215046FBF753FD01231D442CE7CE
:10D7A000B5EB0806044610D01A9B33441A93199B14
:10D7B0000133072BC7E90086199310DC0837079B54
:10D7C00033440793002C7FF433AF1A9B002B40F0B7
:10D7D0006E87049B0022B3F90C30199218E004996B
:10D7E00018AA584601F024F878B91BAFE7E7049966
:10D7F00018AA584601F01CF8002800F08380099B05
:10D800001BB109995846FBF71DFF049BB3F90C3077
:10D81000049A526ED0077FD55B0600F166870798A1
:10D8200045B0BDE8F08F9F0540F114819D047FF560
:10D83000BCAE90047FF5C6AE00F071BF0029C4D025
:10D84000002301228DF8AC108DF8433009930A9221
:10D8500005932BAD0692DDE919C0039C14F08406F4
:10D860000146624626D1089B069C1C1B002C00F337
:10D87000ED839DF8433003B300260C96013201235B
:10D8800001317B60072A0DF14303CDE919213B608B
:10D8900000F3868308370C9B63B1013211AB023170
:10D8A0003B60072A4FF00203CDE919217B6000F3AA
:10D8B0006B830837802E00F0EE82059B0A981C1AB5
:10D8C000002C00F326830A9B3D6001321944072A8D
:10D8D000CDE919217B6000F34C830837039B5C077B
:10D8E00005D5089B069A9C1A002C00F36583DDE998
:10D8F000073206988242ACBF9B181B180793002979
:10D900007FF475AF00231993099B1BB10999584601
:10D91000FBF798FE1BAF6FE69A053FF57DAF049CC1
:10D92000A06DFBF7A5FDB4F90C3075E7039B9806D5
:10D9300040F13C840B9B073323F00702536852F8F5
:10D94000084B0B921E46002BC0F23882059A002A23
:10D9500007DB039B23F08003039354EA060300F0E4
:10D960008C840A2C76F1000380F0F7803034059A1D
:10D970009DF843308DF80F41012AB8BF012206926D
:10D98000002B00F0AF83069B013300250693012393
:10D99000CDE909530DF20F15DDE91921039B13F0B1
:10D9A0008406084694463FF45EAF00230C9365E777
:10D9B0000B9E00238DF8433056F8043B0993002B4F
:10D9C00000F05585532900F07284039B13F0100476
:10D9D00040F06D84059A002AC0F21385099821460B
:10D9E000FEF7DEFC9DF84330099D002800F08B8691
:10D9F000421B0A9222EAE2720692002B00F00E8588
:10DA00000132059406920B960994C5E7432903D089
:10DA1000039BDD0640F127840822002116A8FBF7AE
:10DA20000FFC0B9A2BAD126816AB29465846FFF730
:10DA300051FD0A90013000F04F860A9B23EAE37300
:10DA400006930B9B04330B9300238DF8433009930B
:10DA5000059300E7049DA86DFBF708FDB5F90C30B0
:10DA60006A6E99043FF5A8AD9FE50B9B53F8042B14
:10DA70000892002A80F23D83089A0B935242089242
:10DA8000039B43F00403039398F80030DCE5039B09
:10DA900043F010009B0640F14E830B9B073323F0AD
:10DAA00007031A46596852F8083B0B9200228DF87A
:10DAB0004320059A002AC0F2118320F49062039259
:10DAC00053EA010200F01E8344AD03F00702DB08B5
:10DAD00043EA4173C908303253EA0104284605F885
:10DAE000012DF2D1039B13F0010340F09E82059AB1
:10DAF000099344AB5B1B9A42B8BF1A460A9306923D
:10DB0000A9E62B238DF8433098F800309CE5039963
:10DB10008E0600F1A48003990B9A11F0100052F8C0
:10DB2000043B40F02783039911F0400100F0CA84C0
:10DB30008DF843009BB205990026B1421C4606DBD6
:10DB4000039921F080010391002B00F07B850A2CC2
:10DB500076F100030B92FFF409AF039B09970020B5
:10DB6000CDF830B044A9DDF834B0069003F48067F6
:10DB7000CDF8288025E00690A319B54843F10003AD
:10DB8000A0FB032C2CF0030202EB9C029B1AE31A6D
:10DB90004FF0CC32A046B64602FB03F266F1000617
:10DBA00000FB0622A3FB0043B8F10A0F13444FEA1F
:10DBB00054047EF1000E294644EAC3744FEA53062A
:10DBC0002ED3069BA24A01330693A31943F1000307
:10DBD0001046A2FB032525F0030202EB95029B1AD7
:10DBE000E31AA3FB003266F1000500FB05225B0887
:10DBF00043EAC27303EB8303A4EB4303303301F81E
:10DC0000013C4D1E002FB7D006989BF80030834290
:10DC1000B1D1FF28AFD00A2C76F1000380F0AF8499
:10DC200005999DF84330CDF834B044AA521B914277
:10DC3000B8BF1146DDE90978DDF830B00A920691E7
:10DC4000002B00F0EE83069B01330693002309931B
:10DC5000A2E6039B43F010019B0640F189820B9BD7
:10DC6000073323F0070200238DF84330059B5668E5
:10DC700052F8084B0B92002BC0F2EE8221F0800389
:10DC8000039354EA06037FF46CAE059B002B40F02F
:10DC9000DE840A930693099344ADDCE5059C0B9959
:10DCA0000398002247F630039442ADF844308DF8D3
:10DCB000432051F8043BC0F2D28220F0800040F0B3
:10DCC00002000390002B00F0E58303F00F0461488D
:10DCD0001B09045D8DF80F410B9100F05685022160
:10DCE00006910DF20F1503F00F011B09415C05F8B9
:10DCF000011D43EA0273120953EA0201F3D144AB56
:10DD00005A1B059B0A929342B8BF1346069A002AF3
:10DD100000F03985DDE91921039C023314F08406F3
:10DD200006930846944600F0E98200230993B4E57F
:10DD3000039886063FF5B1AE03990B9ACD0652F8CB
:10DD4000043B00F114850398440640F1C8839BB25C
:10DD50000B920021AAE603990B9A8C0602F10403A8
:10DD600040F1F081126807991160C91751600B9357
:10DD700042E498F800306C2B00F08F82039A42F056
:10DD80001002039260E498F80030682B00F07B8268
:10DD9000039A42F04002039256E4039A940642F03A
:10DDA000100300F100820B9A04320B9903930C6864
:10DDB0000B92E6173346002BBFF6C8AD2D238DF826
:10DDC0004330059B644266EB4606002BFFF6C9AD67
:10DDD000039B23F080030393C3E55846FEF7DAFA6A
:10DDE00043680F931846FBF76BFB0E9004465846AA
:10DDF000FEF7D0FA826898F800300D92002C3FF4BC
:10DE000023AC002A3FF420AC1278002A3FF41CAC6B
:10DE1000039A42F48062039216E4039B43F00103E9
:10DE2000039398F800300FE49DF8432098F80030F1
:10DE3000002A7FF409AC20228DF8432004E4039BE0
:10DE400043F08003039398F80030FFF7FDBB00BF59
:10DE5000CDCCCCCCA40A0020C4150020404610F83C
:10DE6000011B2A2900F07784A1F13003092B98BF08
:10DE7000002200F2178410F8011B02EB820203EB70
:10DE80004202A1F13003092BF5D942EAE27305936E
:10DE90008046FFF7DCBB089B06981C1A002C7FF716
:10DEA0000CAD102C40F3268438460C95AE4F049DE3
:10DEB000102604E0103C102C00F1080015DD0132A2
:10DEC0001031072AC0E90076CDE91921F2DD18AA40
:10DED0002946584600F0ACFC00287FF490AC103C7A
:10DEE000102CDDE919211BA8E9DC0C9D3B460746F7
:10DEF00001322144072ACDE919213B607C6000F3FF
:10DF0000A482059B0A981C1A002C07F108077FF7CA
:10DF1000DAAC102C40F3ED8238461026924F04E024
:10DF2000103C102C00F1080016DD01328E4B103130
:10DF3000072AC0E90036CDE91921F1DD049918AAB4
:10DF4000584600F075FC00287FF459AC103C102CAA
:10DF5000DDE919211BA8E8DC3B46074601322144D4
:10DF6000072ACDE919213B607C6000F3AA800837BD
:10DF7000A9E4049918AA584600F05AFC00287FF436
:10DF80003EAC1A991BAFA9E4049918AA584600F0B0
:10DF90004FFC00287FF433ACDDE919211BAF89E485
:10DFA000049918AA584600F043FC00287FF427ACD7
:10DFB000DDE919211BAF6EE4102C199B40F381831E
:10DFC0003A46049E694F102504E0103C102C02F1E3
:10DFD000080215DD01331031072BC2E90075CDE9C8
:10DFE0001931F2DD18AA3146584600F021FC00280C
:10DFF0007FF405AC103C102CDDE919311BAAE9DCDB
:10E000003E46174601332144072BC7E90064CDE99A
:10E0100019317FF76CAC049918AA584600F008FC37
:10E0200000287FF4ECAB1A9961E4302A00F00182F9
:10E030003023059A05F8013C023844AB1B1A9A427A
:10E04000B8BF1A460A9306920546EFE000230C93E8
:10E05000102C464E624623DD394610232F46049D80
:10E0600004E0103C102C01F1080117DD01321030E2
:10E07000072AC1E90063CDE91920F2DD18AA294673
:10E08000584600F0D5FB00287FF4B9AB103C102CAB
:10E09000DDE919201BA94FF01003E7DC3D460F46D0
:10E0A00001322118072ACDE919213E607C6000F376
:10E0B0007A819DF843600837002E36D00026FFF79E
:10E0C000DDBB049918AA584600F0B2FB00287FF483
:10E0D00096ABDDE919211BAFFFF7F5BB20F4806299
:10E0E0000392F1E4099301230A930DF20F15FFF750
:10E0F000B2BB0B9398F80030FFF7A6BA92047FF5F5
:10E1000061AAF2E2059A002A7FF4DEAC10F0010267
:10E11000069200F0428130238DF80F31059B0A9260
:10E1200009930DF20F15FFF796BB0C9B002B7FF4A4
:10E13000B4ABFFF7C2BB0B9B1A1D0B9B0B921B686A
:10E140000021B3E4039AD00600F18C81039A5106B2
:10E1500000F19582039A920540F184810B9A079908
:10E160001268117003E600BF2C0C002090050020FF
:10E170000B9B1A1D0B9B05981B680026B0428DF85F
:10E1800043601C4667DB21F080010391002B7FF484
:10E19000DEAC0B92002840F05A820A90069009905B
:10E1A00044ADFFF758BB0393FFF7C4BB039B0B9A27
:10E1B000D90652F8044B3FF5F8AD039B5E0640F1DB
:10E1C000768144F3C0360B9224B23346FFF7BBBBD3
:10E1D000AD48039B9D0640F1B5800B9B073323F0B0
:10E1E00007031A465C6852F8083B0B92039A12F038
:10E1F0000102069240F08C808DF84320059A002A97
:10E20000C0F2B780039A22F49062039253EA0402A8
:10E2100040F0F380059A002A00F0F68103788DF82B
:10E220000F31012306920A930DF20F15DDE9192132
:10E23000039B13F084060846944600F0A1829DF8E3
:10E240004330002B00F0AB82002309930C93FFF7BF
:10E2500015BB8E48BDE70B920391FFF782BB40F0E0
:10E260000200039031E50B9B1B688DF8AC30012355
:10E2700006930A932BADFFF7E4BB002A00F0D4818C
:10E280003024FFF774BB039B43F40073039308F13E
:10E29000010898F80030FFF7D7B9039B43F020033B
:10E2A000039308F1010898F80030FFF7CDB9099BF6
:10E2B00013930822002116A8FAF7C2FF059B002B32
:10E2C000C0F219810024069725461F460EE02BA9AF
:10E2D0005846FFF7FFF8411C284400F0FD81B84282
:10E2E00009DC04F1040400F008820546139A12596F
:10E2F00016AB002AEBD1069F05950AE1089C069B08
:10E300000996E41A002C7FF7C8AA02230C939FE613
:10E3100053EA04025ED100238DF84330059B002BA5
:10E32000C0F22181039B23F49063039300F0878163
:10E3300003788DF80F31069B0A93059B06930DF227
:10E340000F1573E70B9A52F8043B0B92039AD4060D
:10E3500008D4520602D59BB2002447E7039A9605DB
:10E3600000F18181002441E742F00202039202227F
:10E370000692039A22F48062039203F00F02825CF9
:10E380008DF80F211B0943EA0473220953EA141480
:10E390007FF4A7AC0DF20F15B1E4059B44ADCDE9B8
:10E3A0000933FFF758BA049918AA584600F040FA02
:10E3B000064600287FF423AA9DF84330DDE91921A1
:10E3C000002B40F089800C9B1BAF002B7FF465AACB
:10E3D000FFF773BA30228DF8442000228DF84320D5
:10E3E000059A8DF84510002A039ABDDB22F490624D
:10E3F00042F0020203920222069203F00F02825CB4
:10E40000BEE7099D2846FBF75BF89DF843300A906C
:10E4100020EAE0720692002B7FF4F2AA099D059390
:10E420000B960993FFF717BA5846FAF777FDFFF7EF
:10E43000B2B8059A44AB5B1B9A42B8BF1A460A931E
:10E44000002306920993FFF706BA049918AA5846C2
:10E4500000F0EEF900287FF4D2A9DDE919211BAF05
:10E46000FFF72BBA0B9A0799126811607FE4059B9E
:10E47000074D0B96062B28BF062306930A93099B8C
:10E480000593FFF7E8B900BFB80A0020A40A0020EE
:10E49000CC0A00200B91002C00F0DC8030230122FC
:10E4A0008DF80F310DF20F1523460A9232E4039BCB
:10E4B0000B929D054ABF44F3C016E61764B233467B
:10E4C000FFF741BA039810F4007600F0CF808DF882
:10E4D0004310DBB2FFF72FBB1BAFFFF7CFB9039899
:10E4E00010F4007100F0BB80DBB20B920021FFF74B
:10E4F000DDBAAC4B32E516AB0093002313AA1946E4
:10E500005846FFF70FF80590013000F0E580099BB1
:10E510001393059B002B7CD0632B00F3B680002364
:10E5200009932BAD0822002116A8FAF789FE059C55
:10E5300016AB009313AA234629465846FEF7F2FF6E
:10E54000844240F01681059900236B5421EAE17260
:10E5500006929DF84320002A40F0B580CDE90A16C6
:10E560000592FFF778B903788DF80F31039B23F4F8
:10E5700080630393069B0A930DF20F1556E60E9ADD
:10E580000F99AD1A2846FAF79FFE9BF801300BB1A0
:10E590000BF1010B844AA31943F10003A2FB030C06
:10E5A0002CF0030000EB9C001B1AE31A4FF0CC3157
:10E5B00066F1000603FB01F102FB0611A3FB02302A
:10E5C00001445B0843EAC1744E08A31943F10003F8
:10E5D000A2FB031020F0030101EB90015B1AE31A88
:10E5E000A3FB023166F1000002FB00125B0843EA64
:10E5F000C27303EB8303A4EB4303303305F8013C00
:10E600000120013DFFF701BB059B0A9344A8054685
:10E610000CE69DF84330099D0B96003B18BF012383
:10E620000693059B0A9301E69DF843303BB1059B99
:10E63000CDE90933012344AD0693FFF7ADB9059B3E
:10E64000FFF727BB059B0B92002B3FF422AB002466
:10E65000FFF78CB9059B0A9344ADFFF75BBB0398AA
:10E660000B92FFF723BADBB20024BFE505998DF8C2
:10E67000436000291C46BFF663AAFFF768BA0B9AED
:10E68000079912681180FFF772BB591C5846F9F7B9
:10E6900029FF054600B3099044E7886DFAF7E8FEC4
:10E6A000FFF76BB8002380460593FEF7D0BF0499AF
:10E6B00018AA584600F0BCF800283FF48AA8FFF7D3
:10E6C000A4B83A4E9EE4059A0A92069A0B96013235
:10E6D00006920593FFF760B90498B0F90C30426ECA
:10E6E00043F04001D207818109D54FF0FF330793F2
:10E6F000FFF795B82B4BFFF7FBBB069F09E7990582
:10E70000F3D4FFF70CB99BB1059B0B965A1C0692EC
:10E710000A9305900990FFF73FB9D707E5D4049B0A
:10E720009B899E05E1D4049B986DFAF7A1FEDCE776
:10E73000059A0993CDE905320B960A92FFF78BB83B
:10E74000049A536ED807D0D493899905CDD4906D8F
:10E75000FAF78EFEC9E70B9A98F8013052F8041BBD
:10E760000B9241EAE17180460591FEF76DBF0846C4
:10E77000E3E4049A938943F040039381FFF73FB8A1
:10E780000996FFF770B8069350E5059B0122012B0F
:10E79000B8BF01230DF20F150A92FFF7BBBA099318
:10E7A000FFF788B82C0C0020CDCCCCCC90050020F5
:10E7B000F0B50D46ADF2744D164689896A6E1B920E
:10E7C000EA89ADF8162021F00201EA69ADF81410CB
:10E7D00009921CA96A6A0291074606910B924FF4AE
:10E7E0008061002218A80193049107910892FAF71A
:10E7F00039FE3246019B02A93846FEF7B5FE061ED9
:10E8000007DB02A93846FDF78DFD002818BF4FF041
:10E81000FF36BDF814305B0603D5AB8943F04003E7
:10E82000AB811898FAF720FE30460DF2744DF0BD1A
:10E83000936810B514461BB918460023636010BDD9
:10E8400000F068F80023A3600023636010BD00BFE0
:10E850002DE9F0438E681D46AE420B6883B00C462E
:10E8600090463AD8B1F90CC01CF4906F0FD13546E0
:10E87000184641462A46FAF751FCA3689E1B2368B6
:10E88000A6602B440020236003B0BDE8F0834A69F2
:10E89000096902EB42025E1A02EBD2726B1C521043
:10E8A0003344934294BF17461F46934288BF1A468B
:10E8B0001CF4806F814612D01146F9F713FEF0B1B7
:10E8C000324621690190F8F7D5F9A289019B22F41B
:10E8D000906242F08002A28105E02E46C8E7FAF776
:10E8E000E3F8034638B123613344BE1BA660676179
:10E8F00023602E46BCE721694846FAF7A3FEA389A8
:10E900000C2243F04003C9F800204FF0FF30A381F0
:10E91000BAE700BF9368002B00F0B7802DE9F04FF5
:10E92000B1F90CC01CF0080F83B00C4680461746A6
:10E930002DD00B695BB31CF002033E6833D04FF05F
:10E94000000ADFF8C4B25546B9465D452B4652462B
:10E9500028BF5B464046B5B1E169676AB847002801
:10E9600040F38B80D9F808301B1A8244C9F808306C
:10E97000002B79D02D1A5D452B46524628BF5B46A9
:10E980004046002DE8D1D6E900A50836DDE721464E
:10E99000404600F03BF9002874D1B4F90CC03E6841
:10E9A0001CF00203CBD11CF0010A70D12368009740
:10E9B0005546002D54D01CF4007FD4F8089018461A
:10E9C00000F0AB80A945CB4600F2E4801CF4906FC8
:10E9D00034D021696269A3EB010902EB420202EB28
:10E9E000D27209F1010352102B44934294BF934613
:10E9F0009B46934288BF1A461CF4806F00F0E98062
:10EA000011464046F9F76EFD002800F0F7804A46AF
:10EA100021690190F8F72EF9A289019B22F49062F6
:10EA200042F08002A28103EB09002361ABEB0903F2
:10EA3000C4F814B0A3602060A946AB4651465A46BC
:10EA4000FAF76CFBA2682368A2EB0902A260009AA5
:10EA500091685B44491B2360916029B1B4F90CC0F3
:10EA6000D6E900A50836A4E7002003B0BDE8F08F82
:10EA700021464046FDF756FC68B3B4F90C3043F02C
:10EA80004003A3814FF0FF30EFE7002070471D46A1
:10EA90009A461846B946009365B3002831D05246CD
:10EAA000D4E904132068AA4228BF2A46884204D920
:10EAB000A16803EB010B5A457CDC93426DDCE169F4
:10EAC000009A676A4046B847B0F1000BD5DDBAEB53
:10EAD0000B0ACDD00120D9F80830A3EB0B03C9F8FD
:10EAE0000830002BC0D0009BA5EB0B055B440093C6
:10EAF000002DD2D1756833460836002DFAD01B6838
:10EB00000093009F2A460A213846FDF749FC002859
:10EB100071D00130A0EB070AC1E722699A4221D3E4
:10EB20006269AA421ED86FF00043AB4228BF2B4651
:10EB3000E16993FBF2F3676A02FB03F34046524636
:10EB4000B847B0F1000998DD009A9368A3EB090378
:10EB5000A5EB09059360002B86D0B4F90CC023689F
:10EB6000CA4426E7A94528BFA94618464A46514641
:10EB7000FAF7D4FAA2682368A2EB09024B44A26018
:10EB80002360002AE0D121464046FDF7CBFB002858
:10EB9000DAD072E7A946AB4650E700990192FAF73E
:10EBA000BDFA019AA3689B1AA360236813442360EB
:10EBB00093468CE700995A46FAF7B0FA23685B440B
:10EBC000236021464046FDF7ADFB00283FF47FAFB0
:10EBD00053E74046F9F768FF034600287FF423AF68
:10EBE00021694046FAF72EFDA3890C22C8F80020BF
:10EBF00023F0800343E76A1C924651E70C22B4F9E4
:10EC00000C30C8F800203AE700FCFF7F10B5354B08
:10EC10000446186882B00B4610B1426B002A53D0EC
:10EC2000B3F90C20110711D51869C8B1B3F90C203C
:10EC300012F0010126D059694FF0000C4942C3F887
:10EC400008C0996120B3002002B010BDD00640D5A5
:10EC5000510723D4186942F008029A810028E5D1AF
:10EC60009A8902F42072B2F5007FDFD0194620465F
:10EC7000019300F0C9F8019BB3F90C20186912F058
:10EC80000101D8D1940758BF596999600028DAD199
:10EC90001106D9D542F040029A811FE0196B61B18B
:10ECA00003F14000814206D020460193FAF7CAFCE6
:10ECB000019BB3F90C200021196318690021C3E9F5
:10ECC000000122F02402C6E70191FAF727F9019B1F
:10ECD000A6E7092142F0400221609A814FF0FF30FF
:10ECE000B2E700BF2C1800202DE9F04F8BB0DDE912
:10ECF0001589149F02901C46B8F1000F57D0166872
:10ED000001960029C34608BF4FF0FF37002588460B
:10ED10000391924606E0019B53F8040B01930028EF
:10ED200037D06546AF423ED9002C3CD0DBF80030EE
:10ED30000493DBF804300593019B02981A68D9F814
:10ED4000C8615B4606A9B047431C33D000EB050CF5
:10ED5000BC453AD8039B013C002BDCD000280DDDDC
:10ED600008F1FF32019E06A900EB020E11F8013BEB
:10ED700002F8013F7245F9D101968044019BDAF80F
:10ED8000002053F8040B01930432CAF80020002835
:10ED9000C7D10399D84609B1CAF800000022C8F8C3
:10EDA00000200CF1FF3528460BB0BDE8F08F00F5D0
:10EDB0008678A4E7029B05468A210022284619602E
:10EDC000CBF800200BB0BDE8F08FD846DDF810A0DE
:10EDD000DDF814B02846C8E900AB0BB0BDE8F08FF1
:10EDE00000B585B0DFF81CC0069800900798019028
:10EDF00003480068CDF808C0FFF776FF05B000BDF6
:10EE00002C180020C4150020B1F90C20930706D55A
:10EE100001F143030122C1E904320B60704730B5B0
:10EE20000B46B1F90E10002999B0044632DB02AA54
:10EE3000009300F05BF80028009B29DB4FF4806111
:10EE400020460093039DF9F74DFB009BB3F90C207E
:10EE5000002839D005F4704142F080021860186132
:10EE6000B1F5005F4FF480609A8158613AD1B3F9EF
:10EE70000E100093204600F04DF8009BB3F90C20D3
:10EE800080B322F0030242F001024FF4006117E068
:10EE9000B3F90C20019312F0800F0CBF4FF4806186
:10EEA000402120460091F9F71DFB019B0099B3F921
:10EEB0000C2048B1C3E9040142F08002186000212F
:10EEC0000A439A8119B030BD9105FBD422F00302A8
:10EED00003F1430142F002020120C3E904109A81C8
:10EEE0001960EFE74FF40061EAE700BF38B5084C5E
:10EEF00000230546084611462360F8F71FF9431C16
:10EF000000D038BD2368002BFBD02B6038BD00BF7C
:10EF10006C44002038B5074C0023054608462360A2
:10EF2000F8F712F9431C00D038BD2368002BFBD042
:10EF30002B6038BD6C4400205FF800F0FD1C0060C1
:10EF40005FF800F0A11D006000000000000000005C
:04EF5000F8B500BF51
:08EF54006CA5FF7F0100000025
:10EF5C0000000000000000000000000000000000A5
:10EF6C000000000000000000000000000000000095
:10EF7C000000000000000000000000000000000085
:10EF8C000000000000000000000000000000000075
:10EF9C000000000000000000000000000000000065
:10EFAC000000000000000000000000000000000055
:10EFBC000000000000000000000000000000000045
:10EFCC000000000000000000000000000000000035
:10EFDC000000000000000000000000000000000025
:10EFEC000000000000000000000000000000000015
:10EFFC000000000000000000000000000000000005
:10F00C0000000000000000000000000000000000F4
:10F01C0000000000000000000000000000000000E4
:10F02C0000000000000000000000000000000000D4
:10F03C0000000000000000000000000000000000C4
:10F04C0000000000000000000000000000000000B4
:10F05C0000000000000000000000000000000000A4
:10F06C000000000000000000000000000000000094
:10F07C000000000000000000000000000000000084
:10F08C000000000000000000000000000000000074
:10F09C000000000000000000000000000000000064
:10F0AC000000000000000000000000000000000054
:10F0BC000000000000000000000000000000000044
:10F0CC000000000000000000000000000000000034
:10F0DC000000000000000000000000000000000024
:10F0EC000000000000000000000000000000000014
:10F0FC000000000000000000000000000000000004
:10F10C0000000000000000000000000000000000F3
:10F11C0000000000000000000000000000000000E3
:10F12C0000000000000000000000000000000000D3
:10F13C0000000000000000000000000000000000C3
:10F14C0000000000000000000000000000000000B3
:10F15C0000000000000000000000000000000000A3
:10F16C000000000000000000000000000000000093
:10F17C000000000000000000000000000000000083
:10F18C000000000000000000000000000000000073
:10F19C000000000000000000000000000000000063
:10F1AC000000000000000000000000000000000053
:10F1BC000000000000000000000000000000000043
:10F1CC000000000000000000000000000000000033
:10F1DC000080E03779C34143176E05B5B5B8934647
:10F1EC00F5F93FE9034F384D321D30F94877825A13
:10F1FC003CBF737FDD4F1575000000000000F03F31
:10F20C0000000000000024400000000000005940F5
:10F21C000000000000408F40000000000088C34048
:10F22C0000000000006AF8400000000080842E41BD
:10F23C0000000000D01263410000000084D7974109
:10F24C000000000065CDCD41000000205FA002420F
:10F25C00000000E876483742000000A2941A6D4284
:10F26C00000040E59C30A2420000901EC4BCD64277
:10F27C0000003426F56B0C430080E03779C3414322
:10F28C0000A0D8855734764300C84E676DC1AB4398
:10F29C00003D9160E458E143408CB5781DAF1544B6
:10F2AC0050EFE2D6E41A4B4492D54D06CFF0804491
:10F2BC00F64AE1C7022DB544B49DD9794378EA44A6
:10F2CC00001900006D4700000000000074C00F40E2
:10F2DC00C0000000000000000200000050851F402C
:10F2EC0001000000340000000200000050851F40A7
:10F2FC0000000000010000000200000054851F40C7
:10F30C0001000000350000000200000054851F4081
:10F31C0000000000FF004000260018007C000000E8
:10F32C0000000000000000009D3600006900000095
:10F33C00453600006D0000003D3600000000000066
:10F34C000000000079470000415C00003D5C0000BB
:10F35C00395C0000355C0000315C00002D5C000065
:10F36C00295C00000000000000000000294600009D
:10F37C00F54700009D400000F5410000BD40000035
:10F38C005D410000E5400000814200001142000098
:10F39C009940000000000000000000009D360000B5
:10F3AC0069000000453600006D0000003D3600008D
:10F3BC000000000000000000F12A000051320000A3
:10F3CC00CD2D00006D000000712C000000202020CD
:10F3DC0020202020202028282828282020202020F9
:10F3EC0020202020202020202020202020881010C9
:10F3FC001010101010101010101010101004040425
:10F40C0004040404040404101010101010104141E2
:10F41C0041414141010101010101010101010101D0
:10F42C0001010101010101011010101010104242E4
:10F43C0042424242020202020202020202020202A0
:10F44C000202020202020202101010102000000040
:10F45C0000000000000000000000000000000000A0
:10F46C000000000000000000000000000000000090
:10F47C000000000000000000000000000000000080
:10F48C000000000000000000000000000000000070
:10F49C000000000000000000000000000000000060
:10F4AC000000000000000000000000000000000050
:10F4BC000000000000000000000000000000000040
:10F4CC000000000000000000000000000000000030
:10F4DC002020202020202020202020202020202020
:10F4EC002020202020202020202020202020202010
:10F4FC0000000042C8801F40B8821F400800000076
:10F50C0000000042C4801F40B4821F400400000071
:10F51C0000C0004224801F4014821F4010000000D5
:10F52C0000C0004228801F4018821F4020000000AD
:10F53C0000C000422C801F401C821F404000000075
:10F54C0000C0004234801F4024821F400001000094
:10F55C000040004264811F4054831F40000400009F
:10F56C000040004280811F4070831F400000020059
:10F57C00004000427C811F406C831F400000010052
:10F58C000040004268811F4058831F400008000063
:10F59C00004000423C811F402C831F4001000000B2
:10F5AC000040004244811F4034831F40040000008F
:10F5BC000040004240811F4030831F400200000089
:10F5CC000040004248811F4038831F400800000063
:10F5DC000000004204811F40F4821F400000040020
:10F5EC000000004208811F40F8821F400000080004
:10F5FC000000004218811F4008831F40000080005B
:10F60C000000004214811F4004831F400000400092
:10F61C000000004200811F40F0821F4000000200E9
:10F62C0000000042FC801F40EC821F4000000100E3
:10F63C000000004224811F4014831F40000000047E
:10F64C000000004228811F4018831F400000000862
:10F65C00000000421C811F400C831F400000000171
:10F66C000000004220811F4010831F400000000258
:10F67C0000000042EC801F40DC821F4000100000A4
:10F68C0000000042F0801F40E0821F40002000007C
:10F69C000000004234811F4024831F4000000040C2
:10F6AC000000004238811F4028831F40000000806A
:10F6BC000080004294801F4084821F4000000400A0
:10F6CC0000C0004290801F4080821F4000000080DC
:10F6DC0000800042A8801F4098821F4000008000DC
:10F6EC0000800042A4801F4094821F400000400014
:10F6FC00004000426C811F405C831F4000100000E2
:10F70C0000C0004230801F4020821F40800000005B
:10F71C0000400042B0811F40A0831F400000002029
:10F72C0000400042AC811F409C831F400000001031
:10F73C000040004284811F4074831F40000004007D
:10F74C000040004288811F4078831F400000080061
:10F75C00000000422C811F401C831F400000001041
:10F76C000000004230811F4020831F400000002019
:10F77C00000000420C811F40FC821F400000100062
:10F78C000000004210811F4000831F400000200039
:10F79C0000800042C8811F40B8831F4000800000D9
:10F7AC0000800042C4811F40B4831F400040000011
:10F7BC0000800042C0811F40B0831F400020000029
:10F7CC0000800042BC811F40AC831F400010000031
:10F7DC0000800042D0811F40C0831F400000020007
:10F7EC0000800042CC811F40BC831F400000010000
:10F7FC0000C0004274801F4064821F400000000162
:10F80C0000C0004280801F4070821F400000000832
:10F81C0000C0004284801F4074821F400000001012
:10F82C0000C000426C801F405C821F400000400002
:10F83C0000C000427C801F406C821F40000000040E
:10F84C0000C0004278801F4068821F400000000208
:10F85C0000C0004288801F4078821F4000000020BA
:10F86C004857204D49444920494E2063683D257531
:10F87C00206E6F74653D25752076656C3D25750A87
:10F88C00000000004857204D49444920494E206350
:10F89C00683D2575206E6F74653D2575206F666615
:10F8AC000A00000074656D706F3D0000206D696387
:10F8BC00726F3D00207377696E673D002072617432
:10F8CC00636865743D00000020737465703D000032
:10F8DC004C61756E63687061642055534220686F8B
:10F8EC007374202B2031362D6368616E6E656C202D
:10F8FC004D494449207265616479000048656C6C1F
:10F90C006F2C2049276D20726573657474696D6561
:10F91C00720000004465626F756E63652054696DFA
:10F92C00657200002E0000004C435F434F4C4C416D
:10F93C00544500004C435F435459504500000000AF
:10F94C004C435F4D4F4E4554415259004C435F4E12
:10F95C00554D4552494300004C435F54494D4500B9
:10F96C004C435F4D455353414745530042616C6CCA
:10F97C006F632073756363656564656400000000E4
:10F98C002F746D702F6A656E6B696E732D653539CA
:10F99C0061613638372F776F726B73706163652FC7
:10F9AC00474E552D746F6F6C636861696E2F617271
:10F9BC006D2D31352F7372632F6E65776C69622DE7
:10F9CC0063796777696E2F6E65776C69622F6C69E6
:10F9DC0062632F7374646C69622F6D707265632E31
:10F9EC0063000000494E4600696E66004E414E00B1
:10F9FC006E616E00303132333435363738396162EE
:10FA0C0063646566000000003031323334353637BC
:10FA1C00383941424344454600000000286E756C5D
:10FA2C006C290000300000002C2066756E63746930
:10FA3C006F6E3A2000000000617373657274696F19
:10FA4C006E2022257322206661696C65643A2066FB
:10FA5C00696C6520222573222C206C696E6520252B
:10FA6C0064257325730A0000496E66696E697479A2
:10FA7C00000000004E614E002F746D702F6A656E91
:10FA8C006B696E732D65353961613638372F776F39
:10FA9C00726B73706163652F474E552D746F6F6C6D
:10FAAC00636861696E2F61726D2D31352F737263CE
:10FABC002F6E65776C69622D63796777696E2F6E2F
:10FACC0065776C69622F6C6962632F7374646C69FF
:10FADC00622F64746F612E6300000000050000004B
:10FAEC00190000007D00000000010000301800200B
:10FAFC001200000000060000F41E00600A00000066
:10FB0C0000020000901E0060620000000007000070
:10FB1C002C1E006062000000EE0300006C18002038
:10FB2C0012000000000004EE441800202800000021
:10FB3C0000030000281E00600000000001030904FF
:10FB4C00101E00600000000002030904F81D006094
:10FB5C0000000000030309048018002000000000CE
:10FB6C0000000000000000000000000030303030C9
:10FB7C003030303030303030303030303030303079
:10FB8C003030303030303030303030300000000029
:10FB9C00003C64003C64003C64003C64003C640039
:10FBAC003C64003C64003C64003C64003C64003CED
:10FBBC0064003C64003C64003C64003C64003C64B5
:10FBCC00003C64003C64003C64003C64003C640009
:10FBDC003C64003C64003C64003C64003C64003CBD
:10FBEC0064003C64003C64003C64003C64003C6485
:10FBFC00003C64003C64003C64003C64003C6400D9
:10FC0C003C64003C64003C64003C64003C64003C8C
:10FC1C0064003C64003C64003C64003C64003C6454
:10FC2C00003C64003C64003C64003C64003C6400A8
:10FC3C003C64003C64003C64003C64003C64003C5C
:10FC4C0064003C64003C64003C64003C64003C6424
:10FC5C00003C64003C64003C64003C64003C640078
:10FC6C003C64003C64003C64003C64003C64003C2C
:10FC7C0064003C64003C64003C64003C64003C64F4
:10FC8C00003C64003C64003C64003C64003C640048
:10FC9C003C64003C64003C64003C64003C64003CFC
:10FCAC0064003C64003C64003C64003C64003C64C4
:10FCBC00003C64003C64003C64003C64003C640018
:10FCCC003C64003C64003C64003C64003C64003CCC
:10FCDC0064003C64003C64003C64003C64003C6494
:10FCEC00003C64003C64003C64003C64003C6400E8
:10FCFC003C64003C64003C64003C64003C64003C9C
:10FD0C0064003C64003C64003C64003C64003C6463
:10FD1C00003C64003C64003C64003C64003C6400B7
:10FD2C003C64003C64003C64003C64003C64003C6B
:10FD3C0064003C64003C64003C64003C64003C6433
:10FD4C00003C64003C64003C64003C64003C640087
:10FD5C003C64003C64003C64003C64003C64003C3B
:10FD6C0064003C64003C64003C64003C64003C6403
:10FD7C00003C64003C64003C64003C64003C640057
:10FD8C003C64003C64003C64003C64003C64003C0B
:10FD9C0064003C64003C64003C64003C64003C64D3
:10FDAC00003C64003C64003C64003C64003C640027
:10FDBC003C64003C64003C64003C64003C64003CDB
:10FDCC0064003C64003C64003C64003C64003C64A3
:10FDDC00003C64003C64003C64003C64003C6400F7
:10FDEC003C64003C64003C64003C64003C64003CAB
:10FDFC0064003C64003C64003C64003C64003C6473
:10FE0C00003C64003C64003C64003C64003C6400C6
:10FE1C003C64003C64003C64003C64003C64003C7A
:10FE2C0064003C64003C64003C64003C64003C6442
:10FE3C00003C64003C64003C64003C64003C640096
:10FE4C003C64003C64003C64003C64003C64003C4A
:10FE5C0064003C64003C64003C64003C64003C6412
:10FE6C00003C64003C64003C64003C64003C640066
:10FE7C003C64003C64003C64003C64003C64003C1A
:10FE8C0064003C64003C64003C64003C64003C64E2
:10FE9C000000000000000000400F0020400F002078
:10FEAC00480F0020480F0020500F0020500F00205A
:10FEBC00580F0020580F0020600F0020600F00200A
:10FECC00680F0020680F0020700F0020700F0020BA
:10FEDC00780F0020780F0020800F0020800F00206A
:10FEEC00880F0020880F0020900F0020900F00201A
:10FEFC00980F0020980F0020A00F0020A00F0020CA
:10FF0C00A80F0020A80F0020B00F0020B00F002079
:10FF1C00B80F0020B80F0020C00F0020C00F002029
:10FF2C00C80F0020C80F0020D00F0020D00F0020D9
:10FF3C00D80F0020D80F0020E00F0020E00F002089
:10FF4C00E80F0020E80F0020F00F0020F00F002039
:10FF5C00F80F0020F80F00200010002000100020E7
:10FF6C000810002008100020101000201010002095
:10FF7C001810002018100020201000202010002045
:10FF8C0028100020281000203010002030100020F5
:10FF9C0038100020381000204010002040100020A5
:10FFAC004810002048100020501000205010002055
:10FFBC005810002058100020601000206010002005
:10FFCC0068100020681000207010002070100020B5
:10FFDC007810002078100020801000208010002065
:10FFEC008810002088100020901000209010002015
:04FFFC009810002039
:02000004600199
:1000000098100020A0100020A0100020A8100020B0
:10001000A8100020B0100020B0100020B810002060
:10002000B8100020C0100020C0100020C810002010
:10003000C8100020D0100020D0100020D8100020C0
:10004000D8100020E0100020E0100020E810002070
:10005000E8100020F0100020F0100020F810002020
:10006000F8100020001100200011002008110020CD
:10007000081100201011002010110020181100207C
:10008000181100202011002020110020281100202C
:1000900028110020301100203011002038110020DC
:1000A000381100204011002040110020481100208C
:1000B000481100205011002050110020581100203C
:1000C00058110020601100206011002068110020EC
:1000D000681100207011002070110020781100209C
:1000E000781100208011002080110020881100204C
:1000F00088110020901100209011002098110020FC
:1001000098110020A0110020A0110020A8110020AB
:10011000A8110020B0110020B0110020B81100205B
:10012000B8110020C0110020C0110020C81100200B
:10013000C8110020D0110020D0110020D8110020BB
:10014000D8110020E0110020E0110020E81100206B
:10015000E8110020F0110020F0110020F81100201B
:10016000F8110020001200200012002008120020C8
:100170000812002010120020101200201812002077
:100180001812002020120020201200202812002027
:1001900028120020301200203012002038120020D7
:1001A0003812002040120020401200204812002087
:1001B0004812002050120020501200205812002037
:1001C00058120020601200206012002068120020E7
:1001D0006812002070120020701200207812002097
:1001E0007812002080120020801200208812002047
:1001F00088120020901200209012002098120020F7
:1002000098120020A0120020A0120020A8120020A6
:10021000A8120020B0120020B0120020B812002056
:10022000B8120020C0120020C0120020C812002006
:10023000C8120020D0120020D0120020D8120020B6
:10024000D8120020E0120020E0120020E812002066
:10025000E8120020F0120020F0120020F812002016
:10026000F8120020001300200013002008130020C3
:100270000813002010130020101300201813002072
:100280001813002020130020201300202813002022
:1002900028130020301300203013002038130020D2
:1002A0003813002000000000204300208843002075
:1002B000F0430020000000000000000000000000EB
:1002C000000000000000000000000000000000002E
:1002D000000000000000000000000000000000001E
:1002E000000000000000000000000000000000000E
:1002F00000000000000000000000000000000000FE
:1003000000000000000000000000000000000000ED
:1003100000000000000000000000000000000000DD
:1003200000000000000000000000000000000000CD
:1003300000000000000000000000000001000000BC
:10034000000000000E33CDAB34126DE6ECDE05008C
:100350000B00000000000000000000000000000092
:10036000000000000000000000000000000000008D
:10037000000000000000000000000000000000007D
:10038000000000000000000000000000000000006D
:10039000000000000000000000000000000000005D
:1003A000000000000000000000000000000000004D
:1003B000000000000000000000000000000000003D
:1003C000000000000000000000000000000000002D
:1003D000000000000000000000000000000000001D
:1003E000000000000000000000000000000000000D
:1003F00000000000000000000000000000000000FD
:1004000000000000000000000000000000000000EC
:1004100000000000000000000000000000000000DC
:1004200000000000000000000000000000000000CC
:1004300000000000000000000000000000000000BC
:1004400000000000000000000000000000000000AC
:10045000000000000000000000000000000000009C
:10046000000000000000000000000000000000008C
:10047000000000000000000000000000000000007C
:10048000000000000000000000000000000000006C
:10049000000000000000000000000000000000005C
:1004A000000000000029DE07007B9A17F4030020FB
:1004B00000000000E8030000000000001C04002011
:1004C00000000000E8030000000000000080194068
:1004D000700300200000000030410020F0400020A8
:1004E000000000000000000040000000400000008C
:1004F000400000004000000000000000000000007C
:1005000000000000000000000000000000000000EB
:1005100000000000000000000000000080302020EB
:100520004300000000000000000000000000000088
:1005300000000000000000000000000000000000BB
:100540004300000000000000000000000000000068
:10055000000000000000000000000000000000009B
:100560004300000000000000000000000000000048
:10057000000000000000000000000000000000007B
:100580004300000000000000000000000000000028
:10059000000000000000000000000000000000005B
:1005A0004300000000000000000000000000000008
:1005B000000000000000000000000000000000003B
:1005C00043000000000000000000000000000000E8
:1005D000000000000000000000000000000000001B
:1005E00043000000000000000000000000000000C8
:1005F00000000000000000000000000000000000FB
:1006000043000000000000000000000000000000A7
:1006100000000000000000000000000000000000DA
:1006200000000000000000000000000000000000CA
:1006300000000000000000000000000000000000BA
:1006400000000000000000000000000000000000AA
:10065000000000000000000000000000000000009A
:10066000000000000000000000000000000000008A
:10067000000000000000000000000000000000007A
:10068000000000000000000000000000000000006A
:10069000000000000000000000000000000000005A
:1006A000000000000000000000000000000000004A
:1006B000000000000000000000000000000000003A
:1006C000000000000000000000000000000000002A
:1006D000000000000000000000000000000000001A
:1006E0000000000000000000718100005D79000042
:1006F000000000007C040020D40900203009002004
:100700003009002030090020300900203009002085
:100710003009002030090020300900203009002075
:10072000FFFFFFFFFFFFFFFFFFFFFFFFFFFF0000D7
:10073000010041534349490000000000000000004F
:1007400000000000000000000000000000000000A9
:100750000000415343494900000000000000000030
:100760000000000000000000000000000000000089
:1007700000000000FFFFFFFF00000200000000007B
:100780000300000020430020481300201201000253
:10079000EF020140C0168304800201020301000041
:1007A000280000000001040001000000000000001B
:1007B000020157494E55534200000000000000005E
:1007C000000000000000000012034D00530046002E
:1007D0005400310030003000F80000000C0300002D
:1007E0000000000000000000000000000000000009
:1007F000000078000101010000000000000000007E
:1008000000000000000000000000000000000000E8
:1008100000000000000000000000000000000000D8
:1008200000000000000000000000000000000000C8
:1008300000000000000000000000000000000000B8
:1008400000000000000000000000000000000000A8
:100850000000000000000000000000000000000098
:100860000000000000000000000000000000000088
:100870000000000000000000000000000000000078
:100880000000000000000000000000000000000068
:100890000000000000000000000000000000000058
:1008A0000000000000000000000000000000000048
:1008B0000000000000000000000000000000000038
:1008C0000000000000000000000000000000000028
:1008D0000000000000000000000000000000000018
:1008E0000000000000000000000000000000000008
:1008F00000000000000000000000000000000000F8
:1009000000000000000000000000000000000000E7
:1009100000000000000000000000000000000000D7
:1009200000000000000000000000000000000000C7
:1009300000000000000000000000000000000000B7
:1009400000000000000000000000000000000000A7
:100950000000000000000000000000000000000097
:100960000000000000000000000000000000000087
:100970000000000000000000000000000000000077
:100980000000000000000000000000000000000067
:100990000000000000000000000000000000000057
:1009A0000000000000000000000000000000000047
:1009B0000000000000000000000000000000000037
:1009C0000000000000000000000000000000000027
:1009D0000000000000000000000000000000000017
:1009E0000000000000000000000000000000000007
:1009F00000000000000000000000000000000000F7
:100A000000000000000000000000000000000000E6
:100A100000000000000000000000000000000000D6
:100A200000000000000000000000000000000000C6
:100A300000000000000000000000000000000000B6
:100A400000000000000000000000000000000000A6
:100A50000000000000000000000000000000000096
:100A60000000000000000000000000000000000086
:100A70000000000000000000000000000000000076
:100A80000000000000000000000000000000000066
:100A90000000000000000000000000000000000056
:100AA0000000000000000000000000000000000046
:100AB0000000000000000000000000000000000036
:100AC0000000000000000000000000000000000026
:100AD0000000000000000000000000000000000016
:100AE0000000000000000000000000000000000006
:100AF00000000000000000000000000000000000F6
:100B000000000000000000000000000000000000E5
:100B100000000000000000000000000000000000D5
:100B200000000000000000000000000000000000C5
:100B300000000000000000000000000000000000B5
:100B400000000000000000000000000000000000A5
:100B50000000000000000000000000000000000095
:100B60000000000000000000000000000000000085
:100B70000000000000000000000000000000000075
:100B80000000000000000000000000000000000065
:100B90000000000000000000000000000000000055
:100BA0000000000000000000000000000000000045
:100BB0000000000000000000000000000000000035
:100BC0000000000000000000000000000000000025
:100BD0000000000000000000000000000000000015
:100BE0000000000000000000000000000000000005
:100BF00000000000000000000000000000000000F5
:100C000000000000000000000000000000000000E4
:100C100000000000000000000000000000000000D4
:100C200000000000000000000000000000000000C4
:100C300000000000000000000000000000000000B4
:100C400000000000000000000000000000000000A4
:100C50000000000000000000000000000000000094
:100C60000000000000000000000000000000000084
:100C70000000000000000000000000000000000074
:100C80000000000000000000000000000000000064
:100C90000000000000000000000000000000000054
:100CA0000000000000000000000000000000000044
:100CB0000000000000000000000000000000000034
:100CC0000000000000000000000000000000000024
:100CD0000000000000000000000000000000000014
:100CE0000000000000000000000000000000000004
:100CF00000000000000000000000000000000000F4
:100D000000000000000000000000000000000000E3
:100D100000000000000000000000000000000000D3
:100D200000000000000000000000000000000000C3
:100D300000000000000000000000000000000000B3
:100D400000000000000000000000000000000000A3
:100D50000000000000000000000000000000000093
:100D60000000000000000000000000000000000083
:100D70000000000000000000000000000000000073
:100D80000000000000000000000000000000000063
:100D90000000000000000000000000000000000053
:100DA0000000000000000000000000000000000043
:100DB0000000000000000000000000000000000033
:100DC0000000000000000000000000000000000023
:100DD0000000000000000000000000000000000013
:100DE0000000000000000000000000000000000003
:100DF00000000000000000000000000000000000F3
:100E000000000000000000000000000000000000E2
:0C0E1000000000000000000000000000D6
:100E1C00FFFFFFFFFFFFFFFFFFFFFFFFFFFFFFFFD6
:100E2C00FFFFFFFFFFFFFFFFFFFFFFFFFFFFFFFFC6
:100E3C00FFFFFFFFFFFFFFFFFFFFFFFFFFFFFFFFB6
:100E4C00FFFFFFFFFFFFFFFFFFFFFFFFFFFFFFFFA6
:100E5C00FFFFFFFFFFFFFFFFFFFFFFFFFFFFFFFF96
:100E6C00FFFFFFFFFFFFFFFFFFFFFFFFFFFFFFFF86
:100E7C00FFFFFFFFFFFFFFFFFFFFFFFFFFFFFFFF76
:100E8C00FFFFFFFFFFFFFFFFFFFFFFFFFFFFFFFF66
:100E9C00FFFFFFFFFFFFFFFFFFFFFFFFFFFFFFFF56
:100EAC00FFFFFFFFFFFFFFFFFFFFFFFFFFFFFFFF46
:100EBC00FFFFFFFFFFFFFFFFFFFFFFFFFFFFFFFF36
:100ECC00FFFFFFFFFFFFFFFFFFFFFFFFFFFFFFFF26
:100EDC00FFFFFFFFFFFFFFFFFFFFFFFFFFFFFFFF16
:100EEC00FFFFFFFFFFFFFFFFFFFFFFFFFFFFFFFF06
:100EFC00FFFFFFFFFFFFFFFFFFFFFFFFFFFFFFFFF6
:100F0C00FFFFFFFFFFFFFFFFFFFFFFFFFFFFFFFFE5
:100F1C00FFFFFFFFFFFFFFFFFFFFFFFFFFFFFFFFD5
:100F2C00FFFFFFFFFFFFFFFFFFFFFFFFFFFFFFFFC5
:100F3C00FFFFFFFFFFFFFFFFFFFFFFFFFFFFFFFFB5
:100F4C00FFFFFFFFFFFFFFFFFFFFFFFFFFFFFFFFA5
:100F5C00FFFFFFFFFFFFFFFFFFFFFFFFFFFFFFFF95
:100F6C00FFFFFFFFFFFFFFFFFFFFFFFFFFFFFFFF85
:100F7C00FFFFFFFFFFFFFFFFFFFFFFFFFFFFFFFF75
:100F8C00FFFFFFFFFFFFFFFFFFFFFFFFFFFFFFFF65
:100F9C00FFFFFFFFFFFFFFFFFFFFFFFFFFFFFFFF55
:100FAC00FFFFFFFFFFFFFFFFFFFFFFFFFFFFFFFF45
:100FBC00FFFFFFFFFFFFFFFFFFFFFFFFFFFFFFFF35
:100FCC00FFFFFFFFFFFFFFFFFFFFFFFFFFFFFFFF25
:100FDC00FFFFFFFFFFFFFFFFFFFFFFFFFFFFFFFF15
:100FEC00FFFFFFFFFFFFFFFFFFFFFFFFFFFFFFFF05
:100FFC00FFFFFFFF000000000000000000000000E9
:10100C0000000000000000000000000000000000D4
:10101C0000000000000000000000000000000000C4
:10102C0000000000000000000000000000000000B4
:10103C0000000000000000000000000000000000A4
:10104C000000000000000000000000000000000094
:10105C000000000000000000000000000000000084
:10106C000000000000000000000000000000000074
:10107C000000000000000000000000000000000064
:10108C000000000000000000000000000000000054
:10109C000000000000000000000000000000000044
:1010AC000000000000000000000000000000000034
:1010BC000000000000000000000000000000000024
:1010CC000000000000000000000000000000000014
:1010DC000000000000000000000000000000000004
:1010EC0000000000000000000000000000000000F4
:1010FC0000000000000000000000000000000000E4
:10110C0000000000000000000000000000000000D3
:10111C0000000000000000000000000000000000C3
:10112C0000000000000000000000000000000000B3
:10113C0000000000000000000000000000000000A3
:10114C000000000000000000000000000000000093
:10115C000000000000000000000000000000000083
:10116C000000000000000000000000000000000073
:10117C000000000000000000000000000000000063
:10118C000000000000000000000000000000000053
:10119C000000000000000000000000000000000043
:1011AC000000000000000000000000000000000033
:1011BC000000000000000000000000000000000023
:1011CC000000000000000000000000000000000013
:1011DC000000000000000000000000000000000003
:1011EC0000000000000000000000000000000000F3
:1011FC0000000000000000000000000000000000E3
:10120C0000000000000000000000000000000000D2
:10121C0000000000000000000000000000000000C2
:10122C0000000000000000000000000000000000B2
:10123C0000000000000000000000000000000000A2
:10124C000000000000000000000000000000000092
:10125C000000000000000000000000000000000082
:10126C000000000000000000000000000000000072
:10127C000000000000000000000000000000000062
:10128C000000000000000000000000000000000052
:10129C000000000000000000000000000000000042
:1012AC000000000000000000000000000000000032
:1012BC000000000000000000000000000000000022
:1012CC000000000000000000000000000000000012
:1012DC000000000000000000000000000000000002
:1012EC0000000000000000000000000000000000F2
:1012FC0000000000000000000000000000000000E2
:10130C0000000000000000000000000000000000D1
:10131C0000000000000000000000000000000000C1
:10132C0000000000000000000000000000000000B1
:10133C0000000000000000000000000000000000A1
:10134C000000000000000000000000000000000091
:10135C000000000000000000000000000000000081
:10136C000000000000000000000000000000000071
:10137C000000000000000000000000000000000061
:10138C000000000000000000000000000000000051
:10139C000000000000000000000000000000000041
:1013AC000000000000000000000000000000000031
:1013BC000000000000000000000000000000000021
:1013CC000000000000000000000000000000000011
:1013DC000000000000000000000000000000000001
:1013EC0000000000000000000000000000000000F1
:1013FC0000000000000000000000000000000000E1
:10140C0000000000000000000000000000000000D0
:10141C0000000000000000000000000000000000C0
:10142C0000000000000000000000000000000000B0
:10143C0000000000000000000000000000000000A0
:10144C000000000000000000000000000000000090
:10145C000000000000000000000000000000000080
:10146C000000000000000000000000000000000070
:10147C000000000000000000000000000000000060
:10148C000000000000000000000000000000000050
:10149C000000000000000000000000000000000040
:1014AC000000000000000000000000000000000030
:1014BC000000000000000000000000000000000020
:1014CC000000000000000000000000000000000010
:1014DC000000000000000000000000000000000000
:1014EC0000000000000000000000000000000000F0
:1014FC0000000000000000000000000000000000E0
:10150C0000000000000000000000000000000000CF
:10151C0000000000000000000000000000000000BF
:10152C0000000000000000000000000000000000AF
:10153C00000000000000000000000000000000009F
:10154C00000000000000000000000000000000008F
:10155C00000000000000000000000000000000007F
:10156C00000000000000000000000000000000006F
:10157C00000000000000000000000000000000005F
:10158C00000000000000000000000000000000004F
:10159C00000000000000000000000000000000003F
:1015AC00000000000000000000000000000000002F
:1015BC00000000000000000000000000000000001F
:1015CC00000000000000000000000000000000000F
:1015DC0000000000000000000000000000000000FF
:1015EC0000000000000000000000000000000000EF
:1015FC0000000000000000000000000000000000DF
:10160C0000000000000000000000000000000000CE
:10161C0000000000000000000000000000000000BE
:10162C0000000000000000000000000000000000AE
:10163C00000000000000000000000000000000009E
:10164C00000000000000000000000000000000008E
:10165C00000000000000000000000000000000007E
:10166C00000000000000000000000000000000006E
:10167C00000000000000000000000000000000005E
:10168C00000000000000000000000000000000004E
:10169C00000000000000000000000000000000003E
:1016AC00000000000000000000000000000000002E
:1016BC00000000000000000000000000000000001E
:1016CC00000000000000000000000000000000000E
:1016DC0000000000000000000000000000000000FE
:1016EC0000000000000000000000000000000000EE
:1016FC0000000000000000000000000000000000DE
:10170C0000000000000000000000000000000000CD
:10171C0000000000000000000000000000000000BD
:10172C0000000000000000000000000000000000AD
:10173C00000000000000000000000000000000009D
:10174C00000000000000000000000000000000008D
:10175C00000000000000000000000000000000007D
:10176C00000000000000000000000000000000006D
:10177C00000000000000000000000000000000005D
:10178C00000000000000000000000000000000004D
:10179C00000000000000000000000000000000003D
:1017AC00000000000000000000000000000000002D
:1017BC00000000000000000000000000000000001D
:1017CC00000000000000000000000000000000000D
:1017DC0000000000000000000000000000000000FD
:1017EC0000000000000000000000000000000000ED
:1017FC0000000000000000000000000000000000DD
:10180C0000000000000000000000000000000000CC
:10181C0000000000000000000000000000000000BC
:10182C0000000000000000000000000000000000AC
:10183C00000000000000000000000000000000009C
:10184C00000000000000000000000000000000008C
:10185C00000000000000000000000000000000007C
:10186C00000000000000000000000000000000006C
:10187C00000000000000000000000000000000005C
:10188C00000000000000000000000000000000004C
:10189C00000000000000000000000000000000003C
:1018AC00000000000000000000000000000000002C
:1018BC00000000000000000000000000000000001C
:1018CC00000000000000000000000000000000000C
:1018DC0000000000000000000000000000000000FC
:1018EC0000000000000000000000000000000000EC
:1018FC0000000000000000000000000000000000DC
:10190C0000000000000000000000000000000000CB
:10191C0000000000000000000000000000000000BB
:10192C0000000000000000000000000000000000AB
:10193C00000000000000000000000000000000009B
:10194C00000000000000000000000000000000008B
:10195C00000000000000000000000000000000007B
:10196C00000000000000000000000000000000006B
:10197C00000000000000000000000000000000005B
:10198C00000000000000000000000000000000004B
:10199C00000000000000000000000000000000003B
:1019AC00000000000000000000000000000000002B
:1019BC00000000000000000000000000000000001B
:1019CC00000000000000000000000000000000000B
:1019DC0000000000000000000000000000000000FB
:1019EC0000000000000000000000000000000000EB
:1019FC0000000000000000000000000000000000DB
:101A0C0000000000000000000000000000000000CA
:101A1C0000000000000000000000000000000000BA
:101A2C0000000000000000000000000000000000AA
:101A3C00000000000000000000000000000000009A
:101A4C00000000000000000000000000000000008A
:101A5C00000000000000000000000000000000007A
:101A6C00000000000000000000000000000000006A
:101A7C00000000000000000000000000000000005A
:101A8C00000000000000000000000000000000004A
:101A9C00000000000000000000000000000000003A
:101AAC00000000000000000000000000000000002A
:101ABC00000000000000000000000000000000001A
:101ACC00000000000000000000000000000000000A
:101ADC0000000000000000000000000000000000FA
:101AEC0000000000000000000000000000000000EA
:101AFC0000000000000000000000000000000000DA
:101B0C0000000000000000000000000000000000C9
:101B1C0000000000000000000000000000000000B9
:101B2C0000000000000000000000000000000000A9
:101B3C000000000000000000000000000000000099
:101B4C000000000000000000000000000000000089
:101B5C000000000000000000000000000000000079
:101B6C000000000000000000000000000000000069
:101B7C000000000000000000000000000000000059
:101B8C000000000000000000000000000000000049
:101B9C000000000000000000000000000000000039
:101BAC000000000000000000000000000000000029
:101BBC000000000000000000000000000000000019
:101BCC000000000000000000000000000000000009
:101BDC0000000000000000000000000000000000F9
:101BEC0000000000000000000000000000000000E9
:041BFC0000000000E5
:040000056000100087
:00000001FF
